CREATE TABLE IF NOT EXISTS "league" (
	"id"	integer NOT NULL,
	"name"	varchar(50) DEFAULT NULL,
	"country"	integer NOT NULL,
	PRIMARY KEY("id" AUTOINCREMENT),
	FOREIGN KEY("country") REFERENCES "country"("id")
);
CREATE TABLE IF NOT EXISTS "players" (
	"id"	INTEGER,
	"name"	varchar(20) NOT NULL,
	"surname"	varchar(30) NOT NULL,
	"dateofbirth"	date NOT NULL,
	"nationality"	INTEGER DEFAULT NULL,
	"position"	position text DEFAULT NULL CHECK("position" IN ('Striker', 'Midfielder', 'Defender', 'Goalkeeper')),
	"club"	tinyint unsigned NOT NULL,
	"value"	INTEGER unsigned NOT NULL,
	"salary"	INTEGER unsigned NOT NULL,
	"contract_terminates"	date NOT NULL,
	"offense"	INTEGER DEFAULT NULL,
	"defence"	INTEGER DEFAULT NULL,
	"overall"	INTEGER DEFAULT NULL,
	"potential"	INTEGER DEFAULT NULL,
	"pass"	integer DEFAULT null,
	"gk"	INTEGER DEFAULT null,
	"isJunior"	boolean DEFAULT 0,
	"isRetiring"	boolean DEFAULT 0,
	"currPosition"	text DEFAULT null,
	PRIMARY KEY("id" AUTOINCREMENT),
	FOREIGN KEY("club") REFERENCES "club"("id"),
	FOREIGN KEY("nationality") REFERENCES "country"("id")
);
CREATE TABLE IF NOT EXISTS "club" (
	"id"	integer,
	"name"	character(50) NOT NULL,
	"league"	integer unsigned DEFAULT NULL,
	"overall"	double DEFAULT NULL,
	"budget"	double DEFAULT NULL,
	"salaryBudget"	double DEFAULT NULL,
	"coach"	varchar(50) DEFAULT NULL,
	"points"	tinyint unsigned DEFAULT '0',
	"played"	INTEGER DEFAULT '0',
	"scored_goals"	integer DEFAULT '0',
	"lost_goals"	integer DEFAULT '0',
	"wins"	INTEGER DEFAULT '0',
	"loses"	INTEGER DEFAULT '0',
	"draws"	INTEGER DEFAULT '0',
	FOREIGN KEY("league") REFERENCES "league"("id"),
	PRIMARY KEY("id" AUTOINCREMENT)
);
CREATE TABLE IF NOT EXISTS "country" (
	"id"	integer NOT NULL,
	"name"	varchar(80) DEFAULT NULL,
	"iso"	character(2) DEFAULT NULL,
	"iso3"	character(3) NOT NULL,
	"numcode"	smallint DEFAULT NULL,
	PRIMARY KEY("id" AUTOINCREMENT)
);
CREATE TABLE IF NOT EXISTS "schedule" (
	"id"	integer NOT NULL,
	"host"	tinyint NOT NULL,
	"visitor"	tinyint NOT NULL,
	"host_goals"	tinyint DEFAULT NULL,
	"visitor_goals"	tinyint DEFAULT NULL,
	"matchday"	tinyint DEFAULT NULL,
	"league"	integer unsigned DEFAULT NULL,
	"date"	DATE,
	FOREIGN KEY("league") REFERENCES "league"("id"),
	FOREIGN KEY("host") REFERENCES "club"("id"),
	FOREIGN KEY("visitor") REFERENCES "club"("id"),
	PRIMARY KEY("id" AUTOINCREMENT)
);
INSERT INTO "league" VALUES (1,'Premier League',226);
INSERT INTO "league" VALUES (2,'Bundesliga',50);
INSERT INTO "players" VALUES (1,'Manuel','Neuer','1986-03-27',50,'Goalkeeper',4,37000000,160000,'2021-06-30',3,5,89,91,5,89,0,0,NULL);
INSERT INTO "players" VALUES (2,'Benjamin','Pavard','1996-03-28',68,'Defender',4,106000000,76000,'2024-06-30',28,81,80,90,45,3,0,0,NULL);
INSERT INTO "players" VALUES (3,'Jerome','Boateng','1988-09-03',50,'Defender',4,58000000,94000,'2021-06-30',28,81,81,86,45,3,0,0,NULL);
INSERT INTO "players" VALUES (4,'David','Alaba','1992-06-24',12,'Defender',4,73000000,110000,'2021-06-30',28,83,83,88,46,3,0,0,NULL);
INSERT INTO "players" VALUES (5,'Alphonso','Davies','2000-11-02',34,'Defender',4,109000000,21000,'2025-06-30',26,73,77,87,38,4,0,0,NULL);
INSERT INTO "players" VALUES (6,'Joshua','Kimmich','1995-02-08',50,'Midfielder',4,154000000,135000,'2023-06-30',63,64,87,97,78,4,0,0,NULL);
INSERT INTO "players" VALUES (7,'Leon','Goretzka','1995-02-06',50,'Midfielder',4,130000000,115000,'2022-06-30',61,62,84,94,75,4,0,0,NULL);
INSERT INTO "players" VALUES (8,'Thiago','Alcantara','1991-04-11',61,'Midfielder',4,83000000,165000,'2021-06-30',66,60,86,91,79,7,0,0,NULL);
INSERT INTO "players" VALUES (9,'Thomas','Muller','1989-09-13',50,'Midfielder',4,76000000,155000,'2023-06-30',65,59,85,90,78,7,0,0,NULL);
INSERT INTO "players" VALUES (10,'Robert','Lewandowski','1988-08-21',163,'Striker',4,123000000,300000,'2023-06-30',87,27,91,96,47,7,0,0,NULL);
INSERT INTO "players" VALUES (11,'Serge','Gnabry','1995-07-14',50,'Striker',4,176000000,130000,'2023-06-30',80,32,85,95,46,3,0,0,NULL);
INSERT INTO "players" VALUES (12,'Joshua','Zirkzee','2001-05-22',150,'Striker',4,47000000,9000,'2023-06-30',59,26,66,85,37,3,0,0,NULL);
INSERT INTO "players" VALUES (13,'Philippe','Coutinho','1996-06-13',28,'Midfielder',4,144000000,145000,'2020-06-30',59,66,85,95,80,3,0,0,NULL);
INSERT INTO "players" VALUES (14,'Kingsley','Coman','1994-06-13',68,'Midfielder',4,83000000,115000,'2023-06-30',58,65,84,89,79,3,0,0,NULL);
INSERT INTO "players" VALUES (15,'Corentin','Tolisso','1996-08-03',68,'Midfielder',4,126000000,98000,'2022-06-30',65,58,82,92,82,4,0,0,NULL);
INSERT INTO "players" VALUES (16,'Lucas','Hernandez','1996-04-14',68,'Defender',4,136000000,105000,'2024-06-30',33,76,84,94,51,4,0,0,NULL);
INSERT INTO "players" VALUES (17,'Alvaro','Odriozola','1995-12-14',61,'Defender',4,99000000,72000,'2020-06-30',31,72,79,89,48,4,0,0,NULL);
INSERT INTO "players" VALUES (18,'Sven','Ulreich','1988-08-03',50,'Goalkeeper',4,45000000,68000,'2021-06-30',4,9,79,84,3,79,0,0,NULL);
INSERT INTO "players" VALUES (19,'Ivan','Perisic','1989-02-02',87,'Striker',4,80000000,120000,'2020-06-30',78,32,83,88,42,7,0,0,NULL);
INSERT INTO "players" VALUES (20,'Nicklas','Sule','1995-09-03',50,'Defender',4,144000000,115000,'2022-06-30',27,84,85,95,43,7,0,0,NULL);
INSERT INTO "players" VALUES (21,'Roman','Burki','1990-11-14',38,'Goalkeeper',5,70000000,92000,'2021-06-30',3,5,85,90,7,85,0,0,NULL);
INSERT INTO "players" VALUES (22,'Łukasz','Piszczek','1985-06-03',163,'Defender',5,24000000,71000,'2021-06-30',24,74,80,82,46,8,0,0,NULL);
INSERT INTO "players" VALUES (23,'Mats','Hummels','1988-12-16',50,'Defender',5,82000000,125000,'2022-06-30',26,80,87,92,49,8,0,0,NULL);
INSERT INTO "players" VALUES (24,'Dan-Axel','Zagadou','1999-06-03',68,'Defender',5,114000000,48000,'2022-06-30',23,73,79,89,45,8,0,0,NULL);
INSERT INTO "players" VALUES (25,'Achraf','Hakimi','1998-11-04',123,'Defender',5,138000000,66000,'2020-06-30',28,82,82,92,48,4,0,0,NULL);
INSERT INTO "players" VALUES (26,'Emre','Can','1994-01-12',50,'Midfielder',5,74000000,86000,'2024-06-30',61,66,82,87,80,4,0,0,NULL);
INSERT INTO "players" VALUES (27,'Axel','Witsel','1989-01-12',19,'Midfielder',5,74000000,105000,'2022-06-30',63,68,85,90,83,4,0,0,NULL);
INSERT INTO "players" VALUES (28,'Raphael','Guerreiro','1993-12-22',167,'Midfielder',5,78000000,94000,'2023-06-30',62,67,83,88,81,4,0,0,NULL);
INSERT INTO "players" VALUES (29,'Jadon','Sancho','2000-03-25',226,'Striker',5,225000000,72000,'2022-06-30',81,34,86,96,50,4,0,0,NULL);
INSERT INTO "players" VALUES (30,'Marco','Reus','1989-05-31',50,'Striker',5,106000000,140000,'2023-06-30',86,32,88,93,53,7,0,0,NULL);
INSERT INTO "players" VALUES (31,'Erling','Haaland','2000-07-21',151,'Striker',5,165000000,34000,'2024-06-30',79,30,80,90,49,7,0,0,NULL);
INSERT INTO "players" VALUES (32,'Julian','Brandt','1996-05-02',50,'Midfielder',5,136000000,94000,'2024-06-30',65,64,84,94,84,7,0,0,NULL);
INSERT INTO "players" VALUES (33,'Thorgan','Hazard','1993-03-29',19,'Striker',5,92000000,98000,'2024-06-30',81,30,83,88,50,7,0,0,NULL);
INSERT INTO "players" VALUES (34,'Mahmoud','Dahoud','1996-01-01',50,'Midfielder',5,86000000,54000,'2022-06-30',59,53,77,87,73,9,0,0,NULL);
INSERT INTO "players" VALUES (35,'Giovanni','Reyna','2002-11-13',210,'Midfielder',5,43000000,2000,'2021-06-30',55,53,66,84,65,5,0,0,NULL);
INSERT INTO "players" VALUES (36,'Nico','Schulz','1993-04-01',50,'Defender',5,58000000,67000,'2034-06-30',26,75,79,84,47,8,0,0,NULL);
INSERT INTO "players" VALUES (37,'Manuel','Akanji','1995-07-19',38,'Defender',5,128000000,57000,'2022-06-30',27,78,83,93,49,8,0,0,NULL);
INSERT INTO "players" VALUES (38,'Marvin','Hitz','1987-09-18',38,'Goalkeeper',5,40000000,49000,'2021-06-30',4,9,78,83,5,78,0,0,NULL);
INSERT INTO "players" VALUES (39,'Thomas','Delaney','1991-11-14',52,'Midfielder',5,68000000,82000,'2022-06-30',58,65,82,87,76,9,0,0,NULL);
INSERT INTO "players" VALUES (40,'Lukas','Hradecky','1989-11-24',63,'Goalkeeper',3,60000000,67000,'2023-06-30',4,9,83,88,5,83,0,0,NULL);
INSERT INTO "players" VALUES (41,'Jonathan','Tah','1996-02-11',50,'Defender',3,113000000,57000,'2023-06-30',25,80,81,91,43,9,0,0,NULL);
INSERT INTO "players" VALUES (42,'Sven','Bender','1989-04-27',50,'Defender',3,58000000,66000,'2021-06-30',25,80,81,86,43,9,0,0,NULL);
INSERT INTO "players" VALUES (43,'Edmond','Tapsoba','1999-02-02',20,'Defender',3,91000000,33000,'2025-06-30',27,73,76,86,42,5,0,0,NULL);
INSERT INTO "players" VALUES (44,'Karim','Bellarabi','1990-04-08',50,'Midfielder',3,64000000,82000,'2021-06-30',62,62,82,87,77,5,0,0,NULL);
INSERT INTO "players" VALUES (45,'Charles','Aranguiz','1989-04-17',41,'Midfielder',3,65000000,86000,'2023-06-30',63,63,83,88,78,5,0,0,NULL);
INSERT INTO "players" VALUES (46,'Kerem','Demirbay','1993-07-03',50,'Midfielder',3,67000000,69000,'2024-06-30',61,61,81,86,76,5,0,0,NULL);
INSERT INTO "players" VALUES (47,'Wendell','Borges','1993-07-20',28,'Defender',3,52000000,47000,'2021-06-30',26,78,77,82,47,6,0,0,NULL);
INSERT INTO "players" VALUES (48,'Kai','Havertz','1999-06-11',50,'Midfielder',3,156000000,70000,'2022-06-30',61,67,84,94,84,6,0,0,NULL);
INSERT INTO "players" VALUES (49,'Moussa','Diaby','1999-07-07',68,'Striker',3,136000000,33000,'2024-06-30',73,32,78,88,48,6,0,0,NULL);
INSERT INTO "players" VALUES (50,'Lucas','Alario','1992-10-08',10,'Striker',3,71000000,70000,'2022-06-30',74,32,79,84,48,6,0,0,NULL);
INSERT INTO "players" VALUES (51,'Leon','Bailey','1997-08-09',98,'Striker',3,151000000,54000,'2023-06-30',75,33,81,91,49,6,0,0,NULL);
INSERT INTO "players" VALUES (52,'Nadien','Amiri','1996-10-27',50,'Midfielder',3,103000000,56000,'2024-06-30',62,61,79,89,72,9,0,0,NULL);
INSERT INTO "players" VALUES (53,'Exequiel','Palacios','1998-10-05',10,'Midfielder',3,106000000,43000,'2025-06-30',61,60,78,88,71,9,0,0,NULL);
INSERT INTO "players" VALUES (54,'Lars','Bender','1989-04-27',50,'Defender',3,58000000,66000,'2021-06-30',31,78,81,86,41,9,0,0,NULL);
INSERT INTO "players" VALUES (55,'Aleksandar','Dragovic','1991-03-06',12,'Defender',3,43000000,49000,'2021-06-30',29,74,76,81,39,9,0,0,NULL);
INSERT INTO "players" VALUES (56,'Daley','Sinkgraven','1995-07-04',150,'Defender',3,70000000,38000,'2023-06-30',29,73,75,85,38,9,0,0,NULL);
INSERT INTO "players" VALUES (57,'Kevin','Volland','1992-07-30',50,'Striker',3,87000000,85000,'2021-06-30',73,27,82,87,44,5,0,0,NULL);
INSERT INTO "players" VALUES (58,'Peter','Gulacsi','1990-05-06',89,'Goalkeeper',27,68000000,69000,'2023-06-30',3,5,85,90,5,85,0,0,NULL);
INSERT INTO "players" VALUES (59,'Nordi','Mukiele','1997-11-01',68,'Defender',27,101000000,33000,'2023-06-30',23,73,78,88,42,5,0,0,NULL);
INSERT INTO "players" VALUES (60,'Lukas','Klostermann','1996-06-03',50,'Defender',27,113000000,49000,'2021-06-30',24,75,81,91,43,5,0,0,NULL);
INSERT INTO "players" VALUES (61,'Dayot','Upamecano','1998-10-27',68,'Defender',27,122000000,38000,'2021-06-30',33,79,80,90,48,6,0,0,NULL);
INSERT INTO "players" VALUES (62,'Marcel','Halstenberg','1991-09-27',50,'Defender',27,64000000,57000,'2022-06-30',33,79,81,86,48,6,0,0,NULL);
INSERT INTO "players" VALUES (63,'Angelino','Tasende','1997-01-04',61,'Defender',27,96000000,39000,'2020-06-30',32,77,78,88,47,6,0,0,NULL);
INSERT INTO "players" VALUES (64,'Marcel','Sabitzer','1994-03-17',12,'Midfielder',27,78000000,70000,'2022-06-30',67,65,83,88,82,6,0,0,NULL);
INSERT INTO "players" VALUES (65,'Konrad','Laimer','1997-05-27',12,'Midfielder',27,110000000,46000,'2021-06-30',65,63,80,90,80,6,0,0,NULL);
INSERT INTO "players" VALUES (66,'Christopher','Nkunku','1997-11-14',68,'Midfielder',27,116000000,43000,'2024-06-30',58,60,80,90,72,9,0,0,NULL);
INSERT INTO "players" VALUES (67,'Patrick','Schick','1996-01-24',49,'Striker',27,112000000,48000,'2020-06-30',72,27,78,88,39,9,0,0,NULL);
INSERT INTO "players" VALUES (68,'Timo','Werner','1996-03-06',50,'Striker',27,186000000,92000,'2023-06-30',79,29,86,96,43,9,0,0,NULL);
INSERT INTO "players" VALUES (69,'Yussuf','Poulsen','1994-06-15',52,'Striker',27,79000000,60000,'2022-06-30',74,28,80,85,40,9,0,0,NULL);
INSERT INTO "players" VALUES (70,'Emil','Forsberg','1991-10-23',179,'Midfielder',27,64000000,62000,'2022-06-30',58,60,81,86,72,9,0,0,NULL);
INSERT INTO "players" VALUES (71,'Dani','Olmo','1998-05-07',61,'Midfielder',27,116000000,43000,'2024-06-30',62,57,80,90,73,5,0,0,NULL);
INSERT INTO "players" VALUES (72,'Tyler','Adams','1999-02-14',210,'Midfielder',27,91000000,29000,'2025-06-30',59,54,76,86,69,5,0,0,NULL);
INSERT INTO "players" VALUES (73,'Ethan','Ampadu','2000-09-14',228,'Defender',27,49000000,5000,'2034-06-30',26,62,68,78,35,5,0,0,NULL);
INSERT INTO "players" VALUES (74,'Ademola','Lookman','1997-10-20',226,'Midfielder',27,74000000,29000,'2024-06-30',55,56,74,84,72,7,0,0,NULL);
INSERT INTO "players" VALUES (75,'Kevin','Kampl','1990-10-09',182,'Midfielder',27,62000000,65000,'2021-06-30',60,61,81,86,78,7,0,0,NULL);
INSERT INTO "players" VALUES (76,'Yann','Sommer','1988-12-17',38,'Goalkeeper',6,69000000,43000,'2023-06-30',6,6,86,91,7,86,0,0,NULL);
INSERT INTO "players" VALUES (77,'Stefan','Lainer','1992-08-27',12,'Defender',6,58000000,31000,'2024-06-30',27,76,79,84,45,7,0,0,NULL);
INSERT INTO "players" VALUES (78,'Matthias','Ginter','1994-01-19',50,'Defender',6,74000000,36000,'2021-06-30',32,75,82,87,49,3,0,0,NULL);
INSERT INTO "players" VALUES (79,'Nico','Elvedi','1996-09-30',38,'Defender',6,103000000,26000,'2021-06-30',31,73,79,89,47,3,0,0,NULL);
INSERT INTO "players" VALUES (80,'Oscar','Wendt','1985-10-24',179,'Defender',6,18000000,25000,'2020-06-30',30,70,76,78,46,3,0,0,NULL);
INSERT INTO "players" VALUES (81,'Denis','Zakaria','1996-11-20',38,'Midfielder',6,126000000,32000,'2022-06-30',65,59,82,92,81,3,0,0,NULL);
INSERT INTO "players" VALUES (82,'Florian','Neuhaus','1997-03-16',50,'Midfielder',6,96000000,27000,'2024-06-30',60,60,78,88,73,4,0,0,NULL);
INSERT INTO "players" VALUES (83,'Jonas','Hofmann','1992-07-14',50,'Midfielder',6,54000000,31000,'2023-06-30',60,60,78,83,73,4,0,0,NULL);
INSERT INTO "players" VALUES (84,'Marcus','Thuram','1997-08-06',68,'Striker',6,141000000,30000,'2023-06-30',78,30,80,90,43,4,0,0,NULL);
INSERT INTO "players" VALUES (85,'Lars','Stindl','1988-08-26',50,'Striker',6,66000000,39000,'2021-06-30',78,30,80,85,43,4,0,0,NULL);
INSERT INTO "players" VALUES (86,'Alassane','Plea','1993-03-10',68,'Striker',6,76000000,39000,'2023-06-30',72,27,80,85,45,7,0,0,NULL);
INSERT INTO "players" VALUES (87,'Patrick','Herrmann','1991-02-12',50,'Midfielder',6,54000000,38000,'2022-06-30',55,58,79,84,76,7,0,0,NULL);
INSERT INTO "players" VALUES (88,'Breel','Embolo','1997-02-14',38,'Striker',6,109000000,27000,'2023-06-30',69,26,77,87,43,7,0,0,NULL);
INSERT INTO "players" VALUES (89,'Christopher','Kramer','1991-02-19',50,'Midfielder',6,54000000,32000,'2023-06-30',58,55,79,84,78,3,0,0,NULL);
INSERT INTO "players" VALUES (90,'Laszlo','Benes','1997-09-09',184,'Midfielder',6,80000000,19000,'2024-06-30',55,52,75,85,74,3,0,0,NULL);
INSERT INTO "players" VALUES (91,'Ramy','Bensebaini','1995-04-16',55,'Defender',6,82000000,23000,'2023-06-30',26,69,77,87,45,3,0,0,NULL);
INSERT INTO "players" VALUES (92,'Tony','Jantschke','1990-04-07',50,'Defender',6,42000000,26000,'2021-06-30',24,72,76,81,40,4,0,0,NULL);
INSERT INTO "players" VALUES (93,'Tobias','Sippel','1988-03-22',50,'Goalkeeper',6,30000000,18000,'2021-06-30',4,6,74,79,4,74,0,0,NULL);
INSERT INTO "players" VALUES (94,'Kevin','Trapp','1990-07-08',50,'Goalkeeper',12,62000000,42000,'2024-06-30',7,3,83,88,5,83,0,0,NULL);
INSERT INTO "players" VALUES (95,'Almamy','Toure','1996-04-28',68,'Defender',12,73000000,24000,'2023-06-30',27,68,75,85,40,7,0,0,NULL);
INSERT INTO "players" VALUES (96,'David','Abraham','1986-07-15',10,'Defender',12,21000000,31000,'2021-06-30',32,77,77,79,43,3,0,0,NULL);
INSERT INTO "players" VALUES (97,'Martin','Hinteregger','1992-09-07',12,'Defender',12,67000000,42000,'2024-06-30',31,74,81,86,40,4,0,0,NULL);
INSERT INTO "players" VALUES (98,'Evan','Ndicka','1999-08-20',68,'Defender',12,89000000,15000,'2023-06-30',29,69,75,85,37,4,0,0,NULL);
INSERT INTO "players" VALUES (99,'Stefan','Ilsanker','1989-05-18',12,'Defender',12,41000000,29000,'2022-06-30',23,77,76,81,40,7,0,0,NULL);
INSERT INTO "players" VALUES (100,'Sebastian','Rode','1990-10-11',50,'Midfielder',12,50000000,35000,'2024-06-30',55,63,78,83,72,7,0,0,NULL);
INSERT INTO "players" VALUES (101,'Timothy','Chandler','1990-03-29',210,'Midfielder',12,36000000,30000,'2022-06-30',52,60,74,79,68,7,0,0,NULL);
INSERT INTO "players" VALUES (102,'Filip','Kostic','1992-09-07',230,'Midfielder',12,75000000,54000,'2023-06-30',67,61,83,88,81,9,0,0,NULL);
INSERT INTO "players" VALUES (103,'Mijat','Gacinovic','1995-02-08',230,'Midfielder',12,70000000,27000,'2022-06-30',55,52,75,85,76,5,0,0,NULL);
INSERT INTO "players" VALUES (104,'Andre','Silva','1995-11-06',167,'Striker',12,112000000,35000,'2020-06-30',73,23,78,88,48,5,0,0,NULL);
INSERT INTO "players" VALUES (105,'Bas','Dost','1989-05-31',150,'Striker',12,66000000,46000,'2022-06-30',75,24,80,85,49,5,0,0,NULL);
INSERT INTO "players" VALUES (106,'Dominik','Kohr','1994-01-31',50,'Midfielder',12,45000000,27000,'2024-06-30',55,52,75,80,76,5,0,0,NULL);
INSERT INTO "players" VALUES (107,'Djibril','Sow','1997-02-06',38,'Midfielder',12,77000000,27000,'2024-06-30',55,52,75,85,76,5,0,0,NULL);
INSERT INTO "players" VALUES (108,'Daichi','Kamada','1996-08-05',100,'Striker',12,94000000,27000,'2021-06-30',74,29,75,85,37,8,0,0,NULL);
INSERT INTO "players" VALUES (109,'Makoto','Hasebe','1984-01-18',100,'Defender',12,20000000,24000,'2020-06-30',30,77,78,80,39,8,0,0,NULL);
INSERT INTO "players" VALUES (110,'Danny','da Costa','1993-07-13',50,'Defender',12,52000000,30000,'2022-06-30',30,76,77,82,38,8,0,0,NULL);
INSERT INTO "players" VALUES (111,'Frederik','Ronnow','1992-08-04',52,'Goalkeeper',12,38000000,23000,'2022-06-30',7,7,75,80,3,75,0,0,NULL);
INSERT INTO "players" VALUES (112,'Alexander','Nubel','1996-09-30',50,'Goalkeeper',16,68000000,17000,'2020-06-30',6,3,75,85,7,75,0,0,NULL);
INSERT INTO "players" VALUES (113,'Jonjoe','Kenny','1997-03-15',226,'Defender',16,77000000,22000,'2020-06-30',30,75,75,85,44,5,0,0,NULL);
INSERT INTO "players" VALUES (114,'Jean-Clair','Todibo','1999-12-30',68,'Defender',16,75000000,11000,'2020-06-30',29,73,73,83,43,5,0,0,NULL);
INSERT INTO "players" VALUES (115,'Matija','Nastasic','1993-03-28',230,'Defender',16,62000000,36000,'2022-06-30',28,77,80,85,46,5,0,0,NULL);
INSERT INTO "players" VALUES (116,'Bastian','Oczipka','1989-01-12',50,'Defender',16,38000000,25000,'2023-06-30',26,72,75,80,43,5,0,0,NULL);
INSERT INTO "players" VALUES (117,'Weston','Mckennie','1998-08-28',210,'Midfielder',16,91000000,22000,'2024-06-30',57,58,76,86,74,5,0,0,NULL);
INSERT INTO "players" VALUES (118,'Alessandro','Shopf','1994-02-07',12,'Midfielder',16,45000000,27000,'2021-06-30',56,57,75,80,73,5,0,0,NULL);
INSERT INTO "players" VALUES (119,'Suat','Serdar','1997-04-11',50,'Midfielder',16,96000000,29000,'2022-06-30',56,63,78,88,70,7,0,0,NULL);
INSERT INTO "players" VALUES (120,'Amine','Harit','1997-06-18',123,'Midfielder',16,103000000,32000,'2024-06-30',57,64,79,89,71,7,0,0,NULL);
INSERT INTO "players" VALUES (121,'Benito','Raman','1994-11-07',19,'Striker',16,62000000,28000,'2024-06-30',70,31,76,81,38,7,0,0,NULL);
INSERT INTO "players" VALUES (122,'Michael','Gregoritsch','1994-04-18',12,'Midfielder',16,49000000,28000,'2020-06-30',55,62,76,81,68,7,0,0,NULL);
INSERT INTO "players" VALUES (123,'Guido','Burgstaller','1989-04-29',12,'Striker',16,46000000,30000,'2022-06-30',73,28,75,80,39,9,0,0,NULL);
INSERT INTO "players" VALUES (124,'Ahmed','Kutucu','2000-03-01',203,'Striker',16,19000000,7000,'2022-06-30',67,26,68,68,36,9,0,0,NULL);
INSERT INTO "players" VALUES (125,'Omar','Mascarell','1993-02-02',61,'Midfielder',16,58000000,34000,'2022-06-30',61,61,79,84,73,9,0,0,NULL);
INSERT INTO "players" VALUES (126,'Rabi','Matondo','2000-09-09',228,'Midfielder',16,49000000,4000,'2023-06-30',53,53,68,78,63,9,0,0,NULL);
INSERT INTO "players" VALUES (127,'Nassim','Boujellab','1999-06-20',123,'Midfielder',16,30000000,5000,'2022-06-30',51,51,65,75,60,9,0,0,NULL);
INSERT INTO "players" VALUES (128,'Timo','Becker','1997-03-25',50,'Defender',16,18000000,4000,'2020-06-30',18,58,62,72,35,5,0,0,NULL);
INSERT INTO "players" VALUES (129,'Markus','Schubert','1998-06-12',50,'Goalkeeper',16,46000000,8000,'2023-06-30',3,5,70,80,6,70,0,0,NULL);
INSERT INTO "players" VALUES (130,'Jiri','Pavlenka','1992-04-14',49,'Goalkeeper',36,61000000,31000,'2021-06-30',3,5,82,87,6,82,0,0,NULL);
INSERT INTO "players" VALUES (131,'Omar','Toprak','1989-07-21',203,'Defender',36,49000000,29000,'2020-06-30',23,73,78,83,43,5,0,0,NULL);
INSERT INTO "players" VALUES (132,'Kevin','Vogt','1991-09-23',50,'Defender',36,56000000,31000,'2020-06-30',24,75,79,84,40,3,0,0,NULL);
INSERT INTO "players" VALUES (133,'Niklas','Moisander','1985-09-29',63,'Defender',36,20000000,26000,'2022-06-30',26,74,77,79,46,7,0,0,NULL);
INSERT INTO "players" VALUES (134,'Leonardo','Bittencourt','1993-12-19',50,'Midfielder',36,52000000,27000,'2020-06-30',60,55,77,82,78,3,0,0,NULL);
INSERT INTO "players" VALUES (135,'Maximilian','Eggestein','1998-05-08',50,'Midfielder',36,101000000,27000,'2023-06-30',61,56,78,88,72,3,0,0,NULL);
INSERT INTO "players" VALUES (136,'Davy','Klassen','1993-02-21',150,'Midfielder',36,54000000,31000,'2022-06-30',61,56,78,83,73,3,0,0,NULL);
INSERT INTO "players" VALUES (137,'Ludwig','Augustinsson','1994-04-21',179,'Defender',36,49000000,23000,'2022-06-30',29,70,76,81,47,3,0,0,NULL);
INSERT INTO "players" VALUES (138,'Yuya','Osako','1990-05-18',100,'Striker',36,47000000,29000,'2022-06-30',72,28,75,80,41,4,0,0,NULL);
INSERT INTO "players" VALUES (139,'Milot','Rashica','1996-06-28',231,'Striker',36,129000000,34000,'2022-06-30',75,30,80,90,44,4,0,0,NULL);
INSERT INTO "players" VALUES (140,'Davie','Selke','1995-01-20',50,'Striker',36,93000000,26000,'2020-06-30',70,28,76,86,42,4,0,0,NULL);
INSERT INTO "players" VALUES (141,'Claudio','Pizarro','1978-10-03',158,'Striker',36,16000000,19000,'2020-06-30',63,28,74,74,41,4,0,0,NULL);
INSERT INTO "players" VALUES (142,'Nuri','Sahin','1988-09-05',203,'Midfielder',36,41000000,25000,'2020-06-30',56,53,76,81,76,3,0,0,NULL);
INSERT INTO "players" VALUES (143,'Philipp','Bargfrede','1989-03-03',50,'Midfielder',36,38000000,23000,'2022-06-30',55,52,75,80,75,3,0,0,NULL);
INSERT INTO "players" VALUES (144,'Fin','Bartels','1987-02-07',50,'Midfielder',36,32000000,24000,'2020-06-30',52,55,74,79,69,5,0,0,NULL);
INSERT INTO "players" VALUES (145,'Theodor','Gebre Selassie','1986-12-24',49,'Defender',36,19000000,25000,'2021-06-30',23,72,76,78,41,5,0,0,NULL);
INSERT INTO "players" VALUES (146,'Marco','Friedl','1998-03-16',12,'Defender',36,42000000,7000,'2022-06-30',21,65,68,78,37,5,0,0,NULL);
INSERT INTO "players" VALUES (147,'Stefanos','Kapino','1994-03-18',80,'Goalkeeper',36,34000000,15000,'2021-06-30',6,4,73,78,6,73,0,0,NULL);
INSERT INTO "players" VALUES (148,'Oliver','Baumann','1990-06-02',50,'Goalkeeper',33,56000000,39000,'2021-06-30',9,8,82,87,7,82,0,0,NULL);
INSERT INTO "players" VALUES (149,'Pavel','Kaderabek','1992-04-25',49,'Defender',33,56000000,37000,'2023-06-30',31,79,79,84,45,3,0,0,NULL);
INSERT INTO "players" VALUES (150,'Havard','Nordtveit','1990-06-21',151,'Defender',33,36000000,27000,'2022-06-30',30,74,74,79,43,3,0,0,NULL);
INSERT INTO "players" VALUES (151,'Kevin','Akpoguma','1995-04-19',50,'Defender',33,70000000,24000,'2024-06-30',28,69,75,85,38,5,0,0,NULL);
INSERT INTO "players" VALUES (152,'Benjamin','Hubner','1989-07-04',50,'Defender',33,50000000,39000,'2022-06-30',29,73,79,84,40,5,0,0,NULL);
INSERT INTO "players" VALUES (153,'Robert','Skov','1996-05-20',52,'Midfielder',33,52000000,16000,'2024-06-30',55,51,71,81,64,5,0,0,NULL);
INSERT INTO "players" VALUES (154,'Sebastian','Rudy','1990-02-28',50,'Midfielder',33,49000000,38000,'2020-06-30',60,56,78,83,71,5,0,0,NULL);
INSERT INTO "players" VALUES (155,'Florian','Grillitsch','1995-08-07',12,'Midfielder',33,99000000,35000,'2022-06-30',55,64,79,89,74,8,0,0,NULL);
INSERT INTO "players" VALUES (156,'Diadie','Samassekou','1996-01-11',129,'Midfielder',33,92000000,9000,'2024-06-30',54,63,78,88,73,8,0,0,NULL);
INSERT INTO "players" VALUES (157,'Ihlas','Bebou','1994-04-23',196,'Striker',33,55000000,32000,'2023-06-30',67,31,75,80,40,8,0,0,NULL);
INSERT INTO "players" VALUES (158,'Andrej','Kramaric','1991-06-19',87,'Striker',33,86000000,61000,'2022-06-30',74,33,83,88,44,8,0,0,NULL);
INSERT INTO "players" VALUES (159,'Maximilian','Beier','2002-10-17',50,'Striker',33,7400000,1000,'2023-06-30',58,19,56,66,36,9,0,0,NULL);
INSERT INTO "players" VALUES (160,'Steven','Zuber','1991-08-17',38,'Midfielder',33,45000000,32000,'2023-06-30',55,53,76,81,68,5,0,0,NULL);
INSERT INTO "players" VALUES (161,'Jacob','Larsen','1998-09-19',52,'Midfielder',33,78000000,21000,'2024-06-30',53,51,74,84,66,5,0,0,NULL);
INSERT INTO "players" VALUES (162,'Dennis','Gaiger','1998-06-10',50,'Midfielder',33,68000000,19000,'2022-06-30',53,51,73,83,65,5,0,0,NULL);
INSERT INTO "players" VALUES (163,'Christoph','Baumgartner','1999-08-01',12,'Midfielder',33,57000000,10000,'2023-06-30',51,49,70,80,63,5,0,0,NULL);
INSERT INTO "players" VALUES (164,'Stefan','Posch','1997-05-14',12,'Defender',33,71000000,22000,'2023-06-30',28,73,74,84,39,8,0,0,NULL);
INSERT INTO "players" VALUES (165,'Philipp','Pentke','1985-05-01',50,'Goalkeeper',33,12000000,19000,'2021-06-30',7,8,73,75,4,73,0,0,NULL);
INSERT INTO "players" VALUES (166,'Koen','Casteels','1992-06-25',19,'Goalkeeper',34,65000000,50000,'2024-06-30',7,8,83,88,4,83,0,0,NULL);
INSERT INTO "players" VALUES (167,'Kevin','Mbabu','1995-04-19',38,'Defender',34,82000000,34000,'2023-06-30',29,76,77,87,40,8,0,0,NULL);
INSERT INTO "players" VALUES (168,'Robin','Knoche','1992-05-22',50,'Defender',34,49000000,39000,'2020-06-30',27,70,77,82,44,9,0,0,NULL);
INSERT INTO "players" VALUES (169,'John','Brooks','1993-01-28',210,'Defender',34,50000000,39000,'2022-06-30',27,70,77,82,44,9,0,0,NULL);
INSERT INTO "players" VALUES (170,'Jerome','Roussillon','1993-01-06',68,'Defender',34,71000000,52000,'2023-06-30',28,74,82,87,47,9,0,0,NULL);
INSERT INTO "players" VALUES (171,'Joshua','Guilavogui','1990-09-19',68,'Midfielder',34,58000000,51000,'2020-06-30',60,57,80,85,78,9,0,0,NULL);
INSERT INTO "players" VALUES (172,'Maximilian','Arnold','1994-05-27',50,'Midfielder',34,61000000,48000,'2022-06-30',63,63,79,84,79,5,0,0,NULL);
INSERT INTO "players" VALUES (173,'Renato','Steffen','1991-11-03',38,'Striker',34,55000000,44000,'2021-06-30',76,30,76,81,46,5,0,0,NULL);
INSERT INTO "players" VALUES (174,'Josip','Brekalo','1998-04-02',87,'Striker',34,106000000,33000,'2023-06-30',69,27,76,86,38,8,0,0,NULL);
INSERT INTO "players" VALUES (175,'Xaver','Schlager','1997-09-28',12,'Midfielder',34,94000000,32000,'2023-06-30',54,58,77,87,69,8,0,0,NULL);
INSERT INTO "players" VALUES (176,'Wout','Wergorst','1992-08-07',150,'Striker',34,81000000,62000,'2023-06-30',81,33,81,86,45,3,0,0,NULL);
INSERT INTO "players" VALUES (177,'Daniel','Ginczek','1991-04-13',50,'Striker',34,62000000,51000,'2022-06-30',79,32,78,83,44,3,0,0,NULL);
INSERT INTO "players" VALUES (178,'Admir','Mehmedi','1991-03-16',38,'Striker',34,57000000,50000,'2022-06-30',78,32,77,82,43,3,0,0,NULL);
INSERT INTO "players" VALUES (179,'Felix','Klaus','1992-09-13',50,'Striker',34,53000000,42000,'2022-06-30',76,31,75,80,42,3,0,0,NULL);
INSERT INTO "players" VALUES (180,'Yannick','Gerhardt','1994-03-13',50,'Midfielder',34,49000000,38000,'2021-06-30',56,59,76,81,75,5,0,0,NULL);
INSERT INTO "players" VALUES (181,'Marcel','Tisserand','1993-01-10',35,'Defender',34,40000000,32000,'2022-06-30',25,72,74,79,44,5,0,0,NULL);
INSERT INTO "players" VALUES (182,'Paulo','Otavio','1994-11-23',28,'Defender',34,24000000,13000,'2023-06-30',23,67,68,73,41,5,0,0,NULL);
INSERT INTO "players" VALUES (183,'Pavao','Pervan','1987-11-13',12,'Goalkeeper',34,27000000,24000,'2021-06-30',5,7,73,78,8,73,0,0,NULL);
INSERT INTO "players" VALUES (184,'Rune','Jarstein','1984-09-29',151,'Goalkeeper',20,23000000,28000,'2021-06-30',5,7,81,83,8,81,0,0,NULL);
INSERT INTO "players" VALUES (185,'Lukas','Klunter','1996-05-26',50,'Defender',20,52000000,13000,'2022-06-30',22,63,71,81,37,7,0,0,NULL);
INSERT INTO "players" VALUES (186,'Dedryck','Boyata','1990-11-28',19,'Defender',20,47000000,27000,'2022-06-30',24,69,77,82,40,7,0,0,NULL);
INSERT INTO "players" VALUES (187,'Karim','Rekik','1994-12-02',150,'Defender',20,51000000,21000,'2021-06-30',23,68,76,81,40,7,0,0,NULL);
INSERT INTO "players" VALUES (188,'Maximilian','Mittlestadt','1997-03-18',50,'Defender',20,71000000,19000,'2023-06-30',23,66,74,84,39,7,0,0,NULL);
INSERT INTO "players" VALUES (189,'Santiago','Ascasibar','1997-02-25',10,'Midfielder',20,83000000,21000,'2024-06-30',58,60,76,86,72,3,0,0,NULL);
INSERT INTO "players" VALUES (190,'Per Ciljan','Skjelbred','1987-06-16',151,'Midfielder',20,38000000,25000,'2020-06-30',58,60,76,81,72,3,0,0,NULL);
INSERT INTO "players" VALUES (191,'Dodi','Lukebakio','1997-09-24',19,'Striker',20,106000000,22000,'2024-06-30',73,29,76,86,42,3,0,0,NULL);
INSERT INTO "players" VALUES (192,'Javairo','Dilrosun','1998-06-22',150,'Midfielder',20,68000000,16000,'2022-06-30',56,58,73,83,69,3,0,0,NULL);
INSERT INTO "players" VALUES (193,'Matheus','Cunha','1999-05-27',28,'Striker',20,148000000,21000,'2024-06-30',81,28,80,90,45,6,0,0,NULL);
INSERT INTO "players" VALUES (194,'Krzysztof','Piątek','1995-07-01',163,'Striker',20,124000000,32000,'2025-06-30',81,28,80,90,45,6,0,0,NULL);
INSERT INTO "players" VALUES (195,'Vladimir','Darida','1990-08-08',49,'Midfielder',20,47000000,30000,'2021-06-30',62,57,77,82,74,6,0,0,NULL);
INSERT INTO "players" VALUES (196,'Marko','Grujic','1996-04-13',230,'Midfielder',20,86000000,25000,'2020-06-30',60,61,77,87,69,7,0,0,NULL);
INSERT INTO "players" VALUES (197,'Marius','Wolf','1995-05-27',50,'Midfielder',20,76000000,23000,'2020-06-30',60,61,76,86,68,7,0,0,NULL);
INSERT INTO "players" VALUES (198,'Niklas','Stark','1995-04-14',50,'Defender',20,88000000,24000,'2020-06-30',30,78,78,88,39,7,0,0,NULL);
INSERT INTO "players" VALUES (199,'Marvin','Plattenhardt','1992-01-26',50,'Defender',20,42000000,23000,'2023-06-30',23,72,75,80,39,3,0,0,NULL);
INSERT INTO "players" VALUES (200,'Jordan','Torunarigha','1997-08-07',50,'Defender',20,68000000,14000,'2020-06-30',22,70,73,83,38,3,0,0,NULL);
INSERT INTO "players" VALUES (201,'Thomas','Kraft','1988-07-22',50,'Goalkeeper',20,33000000,19000,'2020-06-30',3,6,75,80,4,75,0,0,NULL);
INSERT INTO "players" VALUES (202,'Timo','Horn','1993-05-12',50,'Goalkeeper',15,59000000,26000,'2023-06-30',6,4,81,86,6,81,0,0,NULL);
INSERT INTO "players" VALUES (203,'Kingsley','Ehizibue','1995-05-25',148,'Defender',15,50000000,17000,'2023-06-30',25,65,71,81,39,6,0,0,NULL);
INSERT INTO "players" VALUES (204,'Sebastiaan','Bornauw','1999-03-22',19,'Defender',15,54000000,17000,'2024-06-30',25,65,70,80,39,6,0,0,NULL);
INSERT INTO "players" VALUES (205,'Toni','Leistner','1990-08-19',50,'Defender',15,31000000,21000,'2020-06-30',24,70,72,77,45,7,0,0,NULL);
INSERT INTO "players" VALUES (206,'Benno','Schmitz','1994-11-17',50,'Defender',15,33000000,13000,'2022-06-30',24,69,71,76,44,7,0,0,NULL);
INSERT INTO "players" VALUES (207,'Ellyes','Skhiri','1995-05-10',201,'Midfielder',15,88000000,24000,'2023-06-30',57,60,78,88,79,7,0,0,NULL);
INSERT INTO "players" VALUES (208,'Jonas','Hector','1990-05-27',50,'Defender',15,52000000,29000,'2023-06-30',26,77,79,84,48,7,0,0,NULL);
INSERT INTO "players" VALUES (209,'Florian','Kainz','1992-10-24',12,'Midfielder',15,43000000,24000,'2022-06-30',58,55,75,80,68,3,0,0,NULL);
INSERT INTO "players" VALUES (210,'Ismail','Jakobs','1999-08-17',50,'Midfielder',15,20000000,7000,'2022-06-30',49,46,62,72,56,3,0,0,NULL);
INSERT INTO "players" VALUES (211,'Mark','Uth','1991-08-24',50,'Midfielder',15,68000000,29000,'2020-06-30',63,60,82,87,74,3,0,0,NULL);
INSERT INTO "players" VALUES (212,'Jhon','Cordoba','1993-05-11',44,'Striker',15,57000000,33000,'2021-06-30',72,29,76,81,43,5,0,0,NULL);
INSERT INTO "players" VALUES (213,'Anthony','Modeste','1988-04-14',68,'Striker',15,60000000,29000,'2023-06-30',75,30,79,84,44,5,0,0,NULL);
INSERT INTO "players" VALUES (214,'Simon','Terodde','1988-03-02',50,'Striker',15,48000000,29000,'2021-06-30',72,29,76,81,43,5,0,0,NULL);
INSERT INTO "players" VALUES (215,'Dominnick','Drexler','1990-05-26',50,'Midfielder',15,39000000,25000,'2022-06-30',56,59,75,80,72,5,0,0,NULL);
INSERT INTO "players" VALUES (216,'Elvis','Rexhbecaj','1997-11-01',231,'Midfielder',15,62000000,14000,'2021-06-30',58,54,72,82,71,8,0,0,NULL);
INSERT INTO "players" VALUES (217,'Jan','Thielmann','2002-05-26',50,'Midfielder',15,41000000,1000,'2020-06-30',54,50,66,76,66,8,0,0,NULL);
INSERT INTO "players" VALUES (218,'Jorge','Mere','1997-04-17',61,'Defender',15,89000000,19000,'2023-06-30',31,73,77,87,45,8,0,0,NULL);
INSERT INTO "players" VALUES (219,'Thomas','Kessler','1986-01-20',50,'Goalkeeper',15,11000000,11000,'2020-06-30',8,5,71,73,8,71,0,0,NULL);
INSERT INTO "players" VALUES (220,'Tomas','Koubek','1992-08-26',49,'Goalkeeper',14,45000000,16000,'2024-06-30',4,3,77,82,9,77,0,0,NULL);
INSERT INTO "players" VALUES (221,'Stephan','Lichtsteiner','1984-01-16',38,'Defender',14,16000000,12000,'2020-06-30',24,67,75,77,46,3,0,0,NULL);
INSERT INTO "players" VALUES (222,'Jeffrey','Gouweleeuw','1991-07-10',150,'Defender',14,52000000,25000,'2024-06-30',25,70,78,83,48,3,0,0,NULL);
INSERT INTO "players" VALUES (223,'Tin','Jedvaj','1995-11-28',87,'Defender',14,73000000,18000,'2020-06-30',24,67,75,85,46,3,0,0,NULL);
INSERT INTO "players" VALUES (224,'Philipp','Max','1993-09-30',50,'Defender',14,52000000,24000,'2022-06-30',25,69,77,82,47,3,0,0,NULL);
INSERT INTO "players" VALUES (225,'Rani','Khedira','1994-01-27',50,'Midfielder',14,49000000,20000,'2021-06-30',53,57,76,81,72,5,0,0,NULL);
INSERT INTO "players" VALUES (226,'Daniel','Baier','1984-05-18',50,'Midfielder',14,19000000,17000,'2021-06-30',53,57,77,79,73,5,0,0,NULL);
INSERT INTO "players" VALUES (227,'Marco','Richter','1997-11-24',50,'Striker',14,83000000,16000,'2023-06-30',65,25,73,83,40,5,0,0,NULL);
INSERT INTO "players" VALUES (228,'Ruben','Vargas','1998-08-05',38,'Midfielder',14,54000000,15000,'2024-06-30',53,50,70,80,69,8,0,0,NULL);
INSERT INTO "players" VALUES (229,'Alfreo','Finnbogason','1989-02-01',96,'Striker',14,57000000,30000,'2022-06-30',77,31,78,83,47,4,0,0,NULL);
INSERT INTO "players" VALUES (230,'Florian','Niederlechner','1990-10-24',50,'Striker',14,57000000,31000,'2022-06-30',76,31,77,82,46,4,0,0,NULL);
INSERT INTO "players" VALUES (231,'Andre','Hahn','1990-08-13',50,'Midfielder',14,37000000,21000,'2022-06-30',60,60,74,79,70,8,0,0,NULL);
INSERT INTO "players" VALUES (232,'Jan','Moravek','1989-11-01',49,'Midfielder',14,30000000,18000,'2022-06-30',59,59,72,77,68,8,0,0,NULL);
INSERT INTO "players" VALUES (233,'Carlos','Gruezo','1995-04-19',56,'Midfielder',14,54000000,14000,'2024-06-30',59,59,72,82,68,8,0,0,NULL);
INSERT INTO "players" VALUES (234,'Fredrik','Jensen','1997-09-09',63,'Midfielder',14,57000000,13000,'2023-06-30',58,58,71,81,67,8,0,0,NULL);
INSERT INTO "players" VALUES (235,'Felix','Uduokhai','1997-09-09',50,'Defender',14,80000000,16000,'2020-06-30',30,70,75,85,46,9,0,0,NULL);
INSERT INTO "players" VALUES (236,'Iago','Borduchi','1997-03-23',28,'Defender',14,71000000,17000,'2024-06-30',30,69,74,84,46,9,0,0,NULL);
INSERT INTO "players" VALUES (237,'Andreas','Luthe','1987-03-10',50,'Goalkeeper',14,24000000,13000,'2022-06-30',8,5,72,77,9,72,0,0,NULL);
INSERT INTO "players" VALUES (238,'Florian','Kastenmeier','1997-06-28',50,'Goalkeeper',18,21000000,4000,'2022-06-30',8,5,64,74,9,64,0,0,NULL);
INSERT INTO "players" VALUES (239,'Matthias','Zimmermann','1992-06-16',50,'Defender',18,32000000,19000,'2022-06-30',29,67,72,77,45,9,0,0,NULL);
INSERT INTO "players" VALUES (240,'Kaan','Ayhan','1994-11-10',203,'Defender',18,51000000,23000,'2021-06-30',23,68,76,81,39,5,0,0,NULL);
INSERT INTO "players" VALUES (241,'Andre','Hoffmann','1993-02-28',50,'Defender',18,34000000,19000,'2023-06-30',22,64,72,77,37,5,0,0,NULL);
INSERT INTO "players" VALUES (242,'Markus','Suttner','1987-04-16',12,'Defender',18,27000000,19000,'2020-06-30',22,64,72,77,37,5,0,0,NULL);
INSERT INTO "players" VALUES (243,'Erik','Thommy','1994-08-20',50,'Midfielder',18,40000000,21000,'2020-06-30',52,51,73,78,66,5,0,0,NULL);
INSERT INTO "players" VALUES (244,'Alfredo','Morales','1990-05-12',210,'Midfielder',18,33000000,23000,'2020-06-30',56,58,73,78,68,8,0,0,NULL);
INSERT INTO "players" VALUES (245,'Kevin','Stoger','1993-08-23',12,'Midfielder',18,52000000,30000,'2020-06-30',58,60,77,82,72,8,0,0,NULL);
INSERT INTO "players" VALUES (246,'Valon','Berisha','1993-02-07',231,'Midfielder',18,43000000,28000,'2020-06-30',57,59,75,80,70,8,0,0,NULL);
INSERT INTO "players" VALUES (247,'Rouwen','Hennings','1987-08-28',50,'Striker',18,44000000,30000,'2021-06-30',72,29,75,80,40,8,0,0,NULL);
INSERT INTO "players" VALUES (248,'Kenan','Karaman','1994-03-05',203,'Striker',18,47000000,25000,'2021-06-30',70,28,73,78,39,8,0,0,NULL);
INSERT INTO "players" VALUES (249,'Oliver','Fink','1982-06-06',50,'Midfielder',18,12000000,16000,'2020-06-30',53,51,72,74,72,3,0,0,NULL);
INSERT INTO "players" VALUES (250,'Marcel','Sobottka','1994-04-25',50,'Midfielder',18,35000000,18000,'2022-06-30',53,51,72,77,72,3,0,0,NULL);
INSERT INTO "players" VALUES (251,'Nana','Ampompah','1996-01-02',73,'Midfielder',18,57000000,18000,'2022-06-30',53,51,72,82,72,3,0,0,NULL);
INSERT INTO "players" VALUES (252,'Dawid','Kownacki','1997-03-14',163,'Striker',18,73000000,20000,'2023-06-30',67,22,72,82,44,3,0,0,NULL);
INSERT INTO "players" VALUES (253,'Niko','GieSelmann','1991-09-26',50,'Defender',18,32000000,19000,'2020-06-30',28,72,72,77,36,5,0,0,NULL);
INSERT INTO "players" VALUES (254,'Jean','Zimmer','1993-12-06',50,'Defender',18,32000000,16000,'2022-06-30',28,71,71,76,35,5,0,0,NULL);
INSERT INTO "players" VALUES (255,'Zack','Steffen','1995-04-02',210,'Goalkeeper',18,73000000,19000,'2020-06-30',7,9,77,87,3,77,0,0,NULL);
INSERT INTO "players" VALUES (256,'Rafał','Gikiewicz','1987-10-26',163,'Goalkeeper',17,35000000,27000,'2020-06-30',3,6,76,81,4,76,0,0,NULL);
INSERT INTO "players" VALUES (257,'Marvin','Friedrich','1995-12-13',50,'Defender',17,68000000,25000,'2022-06-30',31,75,74,84,43,3,0,0,NULL);
INSERT INTO "players" VALUES (258,'Keven','Schlotterbeck','1997-04-28',50,'Defender',17,49000000,16000,'2020-06-30',30,72,70,80,41,3,0,0,NULL);
INSERT INTO "players" VALUES (259,'Neven','Subotic','1988-12-10',230,'Defender',17,41000000,33000,'2021-06-30',24,74,76,81,46,6,0,0,NULL);
INSERT INTO "players" VALUES (260,'Christopher','Trimmel','1987-02-24',12,'Defender',17,30000000,27000,'2020-06-30',23,71,73,78,44,6,0,0,NULL);
INSERT INTO "players" VALUES (261,'Christian','Gentner','1985-08-14',50,'Midfielder',17,16000000,32000,'2020-06-30',53,57,74,76,74,6,0,0,NULL);
INSERT INTO "players" VALUES (262,'Robert','Andrich','1994-09-22',50,'Midfielder',17,36000000,23000,'2022-06-30',52,56,72,77,72,6,0,0,NULL);
INSERT INTO "players" VALUES (263,'Christopher','Lenz','1994-09-22',50,'Defender',17,27000000,13000,'2021-06-30',21,62,69,74,37,7,0,0,NULL);
INSERT INTO "players" VALUES (264,'Yunus','MLI','1992-02-24',203,'Midfielder',17,42000000,35000,'2020-06-30',56,59,75,80,72,3,0,0,NULL);
INSERT INTO "players" VALUES (265,'Marius','Bulter','1993-03-29',50,'Striker',17,41000000,28000,'2020-06-30',68,28,72,77,41,3,0,0,NULL);
INSERT INTO "players" VALUES (266,'Sebastian','Andersson','1991-07-15',179,'Striker',17,55000000,40000,'2020-06-30',72,29,76,81,43,3,0,0,NULL);
INSERT INTO "players" VALUES (267,'Sebastian','Polter','1991-04-01',50,'Striker',17,38000000,30000,'2020-06-30',72,25,72,77,43,6,0,0,NULL);
INSERT INTO "players" VALUES (268,'Anthony','Ujah','1990-10-14',148,'Striker',17,38000000,30000,'2022-06-30',72,25,72,77,43,6,0,0,NULL);
INSERT INTO "players" VALUES (269,'Marcus','Ingvartsen','1996-01-04',52,'Striker',17,57000000,19000,'2022-06-30',71,25,70,80,42,6,0,0,NULL);
INSERT INTO "players" VALUES (270,'Grischa','Promel','1995-01-09',50,'Midfielder',17,50000000,20000,'2020-06-30',55,57,71,81,64,7,0,0,NULL);
INSERT INTO "players" VALUES (271,'Florian','Hubner','1991-03-01',50,'Defender',17,34000000,28000,'2020-06-30',27,73,73,78,37,7,0,0,NULL);
INSERT INTO "players" VALUES (272,'Ken','Reichel','1986-12-19',50,'Defender',17,11000000,18000,'2020-06-30',27,71,70,72,36,7,0,0,NULL);
INSERT INTO "players" VALUES (273,'Moritz','Nicolas','1997-10-21',50,'Goalkeeper',17,22000000,4000,'2021-06-30',7,8,64,74,4,64,0,0,NULL);
INSERT INTO "players" VALUES (274,'Leopold','Zingerle','1994-04-10',50,'Goalkeeper',29,28000000,11000,'2021-06-30',7,8,71,76,4,71,0,0,NULL);
INSERT INTO "players" VALUES (275,'Laurent','Jans','1992-08-05',120,'Defender',29,25000000,10000,'2020-06-30',20,67,69,74,37,3,0,0,NULL);
INSERT INTO "players" VALUES (276,'Christian','Strohdiek','1988-01-22',50,'Defender',29,21000000,10000,'2021-06-30',20,67,69,74,37,3,0,0,NULL);
INSERT INTO "players" VALUES (277,'Sebastian','Schonlau','1994-08-05',50,'Defender',29,36000000,14000,'2021-06-30',24,66,72,77,41,6,0,0,NULL);
INSERT INTO "players" VALUES (278,'Jamilu','Collins','1994-08-05',148,'Defender',29,30000000,11000,'2021-06-30',24,65,70,75,40,6,0,0,NULL);
INSERT INTO "players" VALUES (279,'Klaus','Gjasula','1989-12-14',6,'Midfielder',29,22000000,11000,'2020-06-30',51,50,69,74,67,6,0,0,NULL);
INSERT INTO "players" VALUES (280,'Ben','Zolinski','1992-05-03',50,'Striker',29,29000000,12000,'2020-06-30',64,26,69,74,34,8,0,0,NULL);
INSERT INTO "players" VALUES (281,'Sebastian','Vasiliadis','1997-10-04',80,'Striker',29,83000000,15000,'2020-06-30',67,27,73,83,36,8,0,0,NULL);
INSERT INTO "players" VALUES (282,'Kai','Proger','1992-05-15',50,'Midfielder',29,24000000,11000,'2022-06-30',50,54,69,74,62,8,0,0,NULL);
INSERT INTO "players" VALUES (283,'Dennis','Srbeny','1994-05-05',50,'Striker',29,29000000,11000,'2020-06-30',63,26,68,73,34,8,0,0,NULL);
INSERT INTO "players" VALUES (284,'Christopher','Antwi-Adjej','1994-02-07',73,'Midfielder',29,35000000,17000,'2021-06-30',55,53,72,77,66,3,0,0,NULL);
INSERT INTO "players" VALUES (285,'Sven','Michel','1990-07-15',50,'Striker',29,35000000,17000,'2021-06-30',68,24,71,76,37,3,0,0,NULL);
INSERT INTO "players" VALUES (286,'Streli','Mamba','1994-06-17',50,'Striker',29,25000000,8000,'2022-06-30',65,23,67,72,35,3,0,0,NULL);
INSERT INTO "players" VALUES (287,'Gerrit','Holtmann','1995-03-25',50,'Midfielder',29,45000000,12000,'2020-06-30',54,52,70,80,65,3,0,0,NULL);
INSERT INTO "players" VALUES (288,'Abdelhamid','Sabiri','1996-11-28',50,'Midfielder',29,35000000,7000,'2021-06-30',51,49,67,77,62,3,0,0,NULL);
INSERT INTO "players" VALUES (289,'Luca','Kilian','1999-09-01',50,'Defender',29,51000000,5000,'2021-06-30',24,69,69,79,41,5,0,0,NULL);
INSERT INTO "players" VALUES (290,'Mohamed','Drager','1996-06-25',201,'Defender',29,38000000,7000,'2020-06-30',24,68,68,78,41,5,0,0,NULL);
INSERT INTO "players" VALUES (291,'Jannik','Huth','1994-04-15',50,'Goalkeeper',29,26000000,9000,'2022-06-30',5,8,70,75,7,70,0,0,NULL);
INSERT INTO "players" VALUES (292,'Florian','Muller','1997-11-13',50,'Goalkeeper',19,71000000,11000,'2022-06-30',5,8,75,85,7,75,0,0,NULL);
INSERT INTO "players" VALUES (293,'Jeremiah','St.Juste','1996-10-19',150,'Defender',19,71000000,19000,'2023-06-30',26,73,74,84,44,5,0,0,NULL);
INSERT INTO "players" VALUES (294,'Jeffrey','Bruma','1991-11-13',150,'Defender',19,38000000,23000,'2020-06-30',29,70,74,79,45,8,0,0,NULL);
INSERT INTO "players" VALUES (295,'Moussa','Niakhate','1996-03-08',68,'Defender',19,73000000,20000,'2023-06-30',29,71,75,85,45,8,0,0,NULL);
INSERT INTO "players" VALUES (296,'Ridle','Baku','1998-04-08',50,'Midfielder',19,46000000,11000,'2022-06-30',55,52,69,79,70,8,0,0,NULL);
INSERT INTO "players" VALUES (297,'Leandro','Martins','2000-01-03',120,'Midfielder',19,20000000,3000,'2022-06-30',50,47,62,72,63,8,0,0,NULL);
INSERT INTO "players" VALUES (298,'Danny','Latza','1989-12-07',50,'Midfielder',19,45000000,27000,'2021-06-30',60,57,77,82,77,8,0,0,NULL);
INSERT INTO "players" VALUES (299,'Daniel','Brosinski','1988-07-17',50,'Defender',19,38000000,23000,'2020-06-30',23,68,75,80,37,4,0,0,NULL);
INSERT INTO "players" VALUES (300,'Levin','Oztunali','1996-03-15',50,'Midfielder',19,62000000,19000,'2021-06-30',52,52,73,83,65,4,0,0,NULL);
INSERT INTO "players" VALUES (301,'Robin','Quaison','1993-10-09',179,'Striker',19,55000000,28000,'2021-06-30',68,23,75,80,37,4,0,0,NULL);
INSERT INTO "players" VALUES (302,'Adam','Szalai','1987-12-09',89,'Striker',19,48000000,26000,'2021-06-30',69,23,76,81,38,4,0,0,NULL);
INSERT INTO "players" VALUES (303,'Jean-Philippe','Mateta','1997-06-28',68,'Striker',19,118000000,27000,'2023-06-30',71,24,78,88,39,4,0,0,NULL);
INSERT INTO "players" VALUES (304,'Karim','Onisiwo','1992-03-17',12,'Striker',19,51000000,28000,'2022-06-30',76,27,75,80,42,5,0,0,NULL);
INSERT INTO "players" VALUES (305,'Jean-Paul','Boetius','1994-03-22',68,'Midfielder',19,56000000,29000,'2022-06-30',63,59,78,83,75,5,0,0,NULL);
INSERT INTO "players" VALUES (306,'Kunde','Malong','1995-07-26',42,'Midfielder',19,73000000,21000,'2022-06-30',61,57,75,85,72,5,0,0,NULL);
INSERT INTO "players" VALUES (307,'Aaron','Martin','1997-04-22',61,'Defender',19,96000000,21000,'2023-06-30',32,75,78,88,44,5,0,0,NULL);
INSERT INTO "players" VALUES (308,'Ronael','Pierre-Gabriel','1998-06-13',68,'Defender',19,51000000,10000,'2024-06-30',30,68,70,80,40,5,0,0,NULL);
INSERT INTO "players" VALUES (309,'Finn','Dahmen','1998-03-27',50,'Goalkeeper',19,19000000,3000,'2023-06-30',5,4,63,73,8,63,0,0,NULL);
INSERT INTO "players" VALUES (310,'Alexander','Schwolow','1992-06-02',50,'Goalkeeper',28,46000000,21000,'2020-06-30',5,4,78,83,8,78,0,0,NULL);
INSERT INTO "players" VALUES (311,'Manuel','Gulde','1991-02-12',50,'Defender',28,40000000,22000,'2022-06-30',25,69,75,80,44,8,0,0,NULL);
INSERT INTO "players" VALUES (312,'Robin','Koch','1996-07-17',50,'Defender',28,65000000,19000,'2021-06-30',24,67,73,83,43,8,0,0,NULL);
INSERT INTO "players" VALUES (313,'Dominique','Heintz','1993-08-15',50,'Defender',28,49000000,21000,'2022-06-30',28,77,76,81,47,4,0,0,NULL);
INSERT INTO "players" VALUES (314,'Jonathan','Schmid','1990-06-22',68,'Defender',28,39000000,22000,'2023-06-30',28,76,75,80,46,4,0,0,NULL);
INSERT INTO "players" VALUES (315,'Janik','Haberer','1994-04-02',50,'Midfielder',28,45000000,22000,'2020-06-30',58,61,75,80,76,4,0,0,NULL);
INSERT INTO "players" VALUES (316,'Nicolas','Hofler','1990-03-09',50,'Midfielder',28,30000000,17000,'2021-06-30',56,59,72,77,73,4,0,0,NULL);
INSERT INTO "players" VALUES (317,'Christian','Gunter','1993-02-28',50,'Defender',28,43000000,22000,'2022-06-30',28,72,75,80,46,4,0,0,NULL);
INSERT INTO "players" VALUES (318,'Chang Hoon','Kwon','1994-06-30',108,'Midfielder',28,45000000,22000,'2023-06-30',57,55,75,80,71,5,0,0,NULL);
INSERT INTO "players" VALUES (319,'Vincenzo','Grifo','1993-04-07',97,'Midfielder',28,54000000,26000,'2023-06-30',59,57,78,83,72,5,0,0,NULL);
INSERT INTO "players" VALUES (320,'Nils','Petersen','1988-12-06',50,'Striker',28,57000000,28000,'2021-06-30',73,26,78,83,43,5,0,0,NULL);
INSERT INTO "players" VALUES (321,'Luca','Waldschmidt','1996-05-19',50,'Striker',28,97000000,23000,'2022-06-30',69,25,76,86,42,5,0,0,NULL);
INSERT INTO "players" VALUES (322,'Lucas','Holer','1994-07-10',50,'Striker',28,44000000,15000,'2024-06-30',69,24,72,77,40,5,0,0,NULL);
INSERT INTO "players" VALUES (323,'Roland','Sallai','1997-05-22',89,'Midfielder',28,59000000,15000,'2022-06-30',55,53,72,82,68,5,0,0,NULL);
INSERT INTO "players" VALUES (324,'Mike','Frantz','1986-10-14',50,'Midfielder',28,14000000,15000,'2021-06-30',58,50,72,74,70,8,0,0,NULL);
INSERT INTO "players" VALUES (325,'Amir','Abrashi','1990-03-27',6,'Midfielder',28,27000000,15000,'2020-06-30',57,49,71,76,69,8,0,0,NULL);
INSERT INTO "players" VALUES (326,'Nico','Schlotterbrck','1999-12-01',50,'Defender',28,28000000,3000,'2022-06-30',27,57,64,74,38,8,0,0,NULL);
INSERT INTO "players" VALUES (327,'Niclas','Thiede','1999-04-14',50,'Goalkeeper',28,7700000,2000,'2023-06-30',9,3,58,68,7,58,0,0,NULL);
INSERT INTO "players" VALUES (328,'Virgil','van Dijk','1991-07-08',150,'Defender',22,56000000,240000,'2023-06-30',35,81,91,92,51,8,0,0,NULL);
INSERT INTO "players" VALUES (329,'Kevin','De Bruyne','1991-06-28',19,'Midfielder',23,54000000,370000,'2023-06-30',70,67,91,91,81,3,0,0,NULL);
INSERT INTO "players" VALUES (330,'Allison','Becker','1992-10-02',28,'Goalkeeper',22,49000000,160000,'2024-06-30',7,5,90,91,3,90,0,0,NULL);
INSERT INTO "players" VALUES (331,'Mohamed','Salah','1992-06-15',58,'Striker',22,65000000,240000,'2023-06-30',88,31,90,90,45,3,0,0,NULL);
INSERT INTO "players" VALUES (332,'Sadio','Mane','1992-04-10',187,'Striker',22,65000000,240000,'2023-06-30',88,31,90,90,45,3,0,0,NULL);
INSERT INTO "players" VALUES (333,'Sergio','Aguero','1988-06-02',10,'Striker',23,57000000,310000,'2021-06-30',88,31,90,90,45,3,0,0,NULL);
INSERT INTO "players" VALUES (334,'Ngolo','Kante','1991-03-29',68,'Midfielder',10,49000000,230000,'2023-06-30',62,63,89,89,82,6,0,0,NULL);
INSERT INTO "players" VALUES (335,'Harry','Kane','1993-07-28',226,'Striker',32,67000000,220000,'2024-06-30',87,27,89,91,46,6,0,0,NULL);
INSERT INTO "players" VALUES (336,'Pierre-Emerick','Aubameyang','1989-06-18',69,'Striker',1,53000000,200000,'2021-06-30',79,27,88,88,46,6,0,0,NULL);
INSERT INTO "players" VALUES (337,'Roberto','Firmino','1991-10-02',28,'Striker',22,59000000,220000,'2023-06-30',79,27,88,88,46,6,0,0,NULL);
INSERT INTO "players" VALUES (338,'Ederson','Moraes','1993-08-17',28,'Goalkeeper',23,46000000,185000,'2024-06-30',3,3,88,91,4,88,0,0,NULL);
INSERT INTO "players" VALUES (339,'Raheem','Sterling','1994-12-08',226,'Striker',23,66000000,250000,'2023-06-30',83,34,88,90,48,8,0,0,NULL);
INSERT INTO "players" VALUES (340,'David','De Gea','1990-11-07',61,'Goalkeeper',24,41000000,195000,'2023-06-30',5,8,88,88,6,88,0,0,NULL);
INSERT INTO "players" VALUES (341,'David','Silva','1986-01-08',61,'Midfielder',23,37000000,220000,'2020-06-30',64,68,87,87,82,8,0,0,NULL);
INSERT INTO "players" VALUES (342,'Aymeric',' Laporte','1994-05-27',68,'Defender',23,49000000,190000,'2024-06-30',30,86,87,90,47,8,0,0,NULL);
INSERT INTO "players" VALUES (343,'Bernardo','Silva','1994-08-10',167,'Midfielder',23,51000000,210000,'2024-06-30',64,68,87,90,82,8,0,0,NULL);
INSERT INTO "players" VALUES (344,'Paul','Pogba','1993-03-15',68,'Midfielder',24,47000000,210000,'2021-06-30',69,65,87,88,81,9,0,0,NULL);
INSERT INTO "players" VALUES (345,'Hugo','Lloris','1986-12-26',68,'Goalkeeper',32,34000000,125000,'2022-06-30',8,9,87,87,8,87,0,0,NULL);
INSERT INTO "players" VALUES (346,'Heung','Min Son','1992-07-08',108,'Striker',32,58000000,165000,'2023-06-30',86,35,87,87,50,3,0,0,NULL);
INSERT INTO "players" VALUES (347,'Andrew','Robertson','1994-03-11',227,'Defender',22,47000000,135000,'2024-06-30',33,86,86,89,50,3,0,0,NULL);
INSERT INTO "players" VALUES (348,'Fabinho','Tavares','1993-10-23',28,'Midfielder',22,47000000,135000,'2023-06-30',61,66,86,88,86,6,0,0,NULL);
INSERT INTO "players" VALUES (349,'Riyad','Mahrez','1991-02-21',55,'Striker',23,51000000,230000,'2023-06-30',78,31,86,86,52,6,0,0,NULL);
INSERT INTO "players" VALUES (350,'Leroy','Sane','1996-01-11',50,'Striker',23,62000000,195000,'2021-06-30',77,25,86,90,47,7,0,0,NULL);
INSERT INTO "players" VALUES (351,'Bruno','Fernandes','1994-09-08',167,'Midfielder',24,49000000,165000,'2025-06-30',60,60,86,89,81,7,0,0,NULL);
INSERT INTO "players" VALUES (352,'Toby','Alderweireld','1989-03-02',19,'Defender',32,39000000,140000,'2023-06-30',28,84,86,86,49,3,0,0,NULL);
INSERT INTO "players" VALUES (353,'Jamie','Vardy','1987-01-11',226,'Striker',21,45000000,160000,'2022-06-30',80,32,86,86,49,3,0,0,NULL);
INSERT INTO "players" VALUES (354,'Bernd','Leno','1992-03-04',50,'Goalkeeper',1,36000000,99000,'2023-06-30',5,8,85,87,7,85,0,0,NULL);
INSERT INTO "players" VALUES (355,'Trent','Alexander-Arnold','1998-10-07',226,'Defender',22,110000000,93000,'2024-06-30',28,83,85,90,48,3,0,0,NULL);
INSERT INTO "players" VALUES (356,'Jordan','Henderson','1990-06-17',226,'Midfielder',22,38000000,150000,'2023-06-30',66,63,85,85,84,6,0,0,NULL);
INSERT INTO "players" VALUES (357,'Georginio','Wijnaldum','1990-11-11',150,'Midfielder',22,39000000,150000,'2021-06-30',66,63,85,85,84,6,0,0,NULL);
INSERT INTO "players" VALUES (358,'Fernando','Rosa','1985-05-04',28,'Midfielder',23,32000000,170000,'2021-06-30',66,63,85,85,84,6,0,0,NULL);
INSERT INTO "players" VALUES (359,'Rodrigo','Cascante','1996-06-22',61,'Midfielder',23,48000000,145000,'2024-06-30',66,63,85,89,84,6,0,0,NULL);
INSERT INTO "players" VALUES (360,'Jan','Vertoghen','1987-04-24',19,'Defender',32,34000000,130000,'2020-06-30',32,80,85,85,50,6,0,0,NULL);
INSERT INTO "players" VALUES (361,'Alexandre','Lacazette','1991-05-28',68,'Striker',1,45000000,140000,'2022-06-30',80,33,84,84,45,8,0,0,NULL);
INSERT INTO "players" VALUES (362,'Azpilicueta','Tanco','1989-08-28',61,'Defender',10,36000000,145000,'2022-06-30',30,83,84,84,45,8,0,0,NULL);
INSERT INTO "players" VALUES (363,'Luiz','Jorge','1991-12-20',97,'Midfielder',10,39000000,150000,'2023-06-30',63,66,84,84,78,8,0,0,NULL);
INSERT INTO "players" VALUES (364,'Mateo','Kovacic','1994-05-06',87,'Midfielder',10,42000000,145000,'2024-06-30',67,63,84,87,79,4,0,0,NULL);
INSERT INTO "players" VALUES (365,'Ilkay','Gundogan','1990-10-24',50,'Midfielder',23,37000000,180000,'2023-06-30',59,64,84,84,76,8,0,0,NULL);
INSERT INTO "players" VALUES (366,'Marcus','Rashford','1997-10-31',226,'Striker',24,121000000,120000,'2023-06-30',76,31,84,89,43,8,0,0,NULL);
INSERT INTO "players" VALUES (367,'Ricardo','Pereira','1993-10-06',167,'Defender',21,42000000,105000,'2023-06-30',26,81,84,86,43,8,0,0,NULL);
INSERT INTO "players" VALUES (368,'Wilfred','Ndidi','1996-12-16',148,'Midfielder',21,47000000,96000,'2024-06-30',59,64,84,88,76,8,0,0,NULL);
INSERT INTO "players" VALUES (369,'Joao','Moutinho','1986-09-08',167,'Midfielder',38,33000000,120000,'2022-06-30',62,61,84,84,78,4,0,0,NULL);
INSERT INTO "players" VALUES (370,'Mesut','Ozil','1988-10-15',50,'Midfielder',1,33000000,110000,'2021-06-30',62,61,83,83,77,4,0,0,NULL);
INSERT INTO "players" VALUES (371,'Kepa','Revuelta','1994-10-03',61,'Goalkeeper',10,36000000,83000,'2024-06-30',5,8,83,87,8,83,0,0,NULL);
INSERT INTO "players" VALUES (372,'Lucas','Digne','1993-07-20',68,'Defender',13,39000000,97000,'2023-06-30',27,81,83,86,49,5,0,0,NULL);
INSERT INTO "players" VALUES (373,'Joel','Matip','1993-08-08',42,'Defender',22,39000000,110000,'2024-06-30',27,81,83,84,49,5,0,0,NULL);
INSERT INTO "players" VALUES (374,'Kyle','Walker','1990-05-28',226,'Defender',23,34000000,150000,'2024-06-30',27,81,83,83,49,5,0,0,NULL);
INSERT INTO "players" VALUES (375,'Harry','Maguire','1993-03-05',226,'Defender',24,38000000,135000,'2024-06-30',30,78,83,86,41,8,0,0,NULL);
INSERT INTO "players" VALUES (376,'Anthony','Martial','1995-12-05',68,'Striker',24,52000000,140000,'2024-06-30',80,28,83,87,41,8,0,0,NULL);
INSERT INTO "players" VALUES (377,'Dele','Alli','1996-04-11',226,'Midfielder',32,85000000,105000,'2024-06-30',64,62,83,88,74,8,0,0,NULL);
INSERT INTO "players" VALUES (378,'Kasper','Schmeichel','1986-11-05',52,'Goalkeeper',21,27000000,82000,'2023-06-30',7,6,83,83,3,83,0,0,NULL);
INSERT INTO "players" VALUES (379,'Rui','Particio','1988-02-15',167,'Goalkeeper',38,28000000,82000,'2022-06-30',3,4,83,83,4,83,0,0,NULL);
INSERT INTO "players" VALUES (380,'Raul','Jimenez','1991-05-05',141,'Striker',38,43000000,125000,'2023-06-30',74,25,83,83,43,4,0,0,NULL);
INSERT INTO "players" VALUES (381,'Wilfred','Zaha','1992-11-10',39,'Striker',11,46000000,82000,'2023-06-30',74,25,83,83,43,4,0,0,NULL);
INSERT INTO "players" VALUES (382,'Nicolas','Pepe','1995-05-29',39,'Midfielder',1,77000000,89000,'2024-06-30',57,58,82,87,75,4,0,0,NULL);
INSERT INTO "players" VALUES (383,'Antonio','Rudiger','1993-03-03',50,'Defender',10,35000000,115000,'2022-06-30',32,78,82,84,47,5,0,0,NULL);
INSERT INTO "players" VALUES (384,'Willian','Silva','1988-08-09',28,'Striker',10,38000000,135000,'2020-06-30',81,29,82,82,47,5,0,0,NULL);
INSERT INTO "players" VALUES (385,'Joe','Gomez','1997-05-23',226,'Defender',22,84000000,85000,'2024-06-30',32,78,82,89,47,5,0,0,NULL);
INSERT INTO "players" VALUES (386,'Naby','Keita','1995-02-10',77,'Midfielder',22,38000000,95000,'2023-06-30',65,62,82,86,79,5,0,0,NULL);
INSERT INTO "players" VALUES (387,'Joao','Cancelo','1994-05-27',167,'Defender',23,37000000,125000,'2025-06-30',26,75,82,86,49,8,0,0,NULL);
INSERT INTO "players" VALUES (388,'Gabriel','Jesus','1997-04-03',28,'Striker',23,102000000,135000,'2023-06-30',75,26,82,88,49,8,0,0,NULL);
INSERT INTO "players" VALUES (389,'Aaron','Wan-Bissaka','1997-11-26',226,'Defender',24,88000000,87000,'2024-06-30',26,75,82,89,49,8,0,0,NULL);
INSERT INTO "players" VALUES (390,'Martin','Dubravka','1989-01-15',184,'Goalkeeper',25,27000000,43000,'2025-06-30',4,4,82,82,9,82,0,0,NULL);
INSERT INTO "players" VALUES (391,'Davinson','Mina','1996-06-12',44,'Defender',32,40000000,85000,'2024-06-30',29,82,82,85,41,4,0,0,NULL);
INSERT INTO "players" VALUES (392,'Giovani','Celso','1996-04-09',10,'Midfielder',32,80000000,95000,'2020-06-30',62,66,82,87,75,4,0,0,NULL);
INSERT INTO "players" VALUES (393,'Steven','Bergwijn','1997-10-08',150,'Striker',32,107000000,90000,'2025-06-30',78,33,82,87,41,4,0,0,NULL);
INSERT INTO "players" VALUES (394,'Lucas','Silva','1992-08-13',28,'Midfielder',32,35000000,110000,'2024-06-30',62,66,82,82,73,4,0,0,NULL);
INSERT INTO "players" VALUES (395,'Sebastien','Haller','1994-06-22',68,'Striker',37,45000000,105000,'2024-06-30',78,33,82,84,41,4,0,0,NULL);
INSERT INTO "players" VALUES (396,'Felipe','Anderson','1993-04-15',28,'Midfielder',37,35000000,100000,'2022-06-30',61,60,82,82,78,6,0,0,NULL);
INSERT INTO "players" VALUES (397,'James','Maddison','1996-11-23',226,'Midfielder',21,84000000,89000,'2023-06-30',61,60,82,87,78,6,0,0,NULL);
INSERT INTO "players" VALUES (398,'Ruben','Neves','1997-03-13',167,'Midfielder',38,84000000,89000,'2023-06-30',61,60,82,87,78,6,0,0,NULL);
INSERT INTO "players" VALUES (399,'David','Luiz','1987-04-22',28,'Defender',1,27000000,86000,'2021-06-30',31,72,81,81,47,9,0,0,NULL);
INSERT INTO "players" VALUES (400,'Daniel','Ceballos','1996-08-07',61,'Midfielder',1,79000000,82000,'2020-06-30',62,60,81,86,74,3,0,0,NULL);
INSERT INTO "players" VALUES (401,'Sokratis','Papastathopoulos','1988-06-09',80,'Defender',1,28000000,86000,'2021-06-30',30,76,81,81,42,3,0,0,NULL);
INSERT INTO "players" VALUES (402,'Lucas','Torreira','1996-02-11',211,'Midfielder',1,75000000,74000,'2023-06-30',65,57,81,86,75,6,0,0,NULL);
INSERT INTO "players" VALUES (403,'Kurt','Zouma','1994-10-27',68,'Defender',10,36000000,91000,'2023-06-30',33,73,81,84,43,6,0,0,NULL);
INSERT INTO "players" VALUES (404,'Marcos','Alonso','1990-12-28',61,'Defender',10,31000000,110000,'2023-06-30',33,73,81,81,43,6,0,0,NULL);
INSERT INTO "players" VALUES (405,'Jordan','Pickford','1994-03-07',226,'Goalkeeper',13,31000000,66000,'2024-06-30',9,3,81,84,5,81,0,0,NULL);
INSERT INTO "players" VALUES (406,'Richarlison','Andrade','1997-05-10',28,'Striker',13,96000000,90000,'2024-06-30',75,32,81,88,45,9,0,0,NULL);
INSERT INTO "players" VALUES (407,'James','Milner','1986-01-04',226,'Midfielder',22,26000000,100000,'2020-06-30',59,64,81,81,77,9,0,0,NULL);
INSERT INTO "players" VALUES (408,'Xherdan','Shaqiri','1991-10-10',38,'Striker',22,39000000,110000,'2023-06-30',77,33,81,81,42,6,0,0,NULL);
INSERT INTO "players" VALUES (409,'John','Stones','1994-05-28',226,'Defender',23,35000000,115000,'2022-06-30',29,81,81,84,42,6,0,0,NULL);
INSERT INTO "players" VALUES (410,'Victor','Lindelof','1994-07-17',179,'Defender',24,36000000,97000,'2024-06-30',32,78,81,85,44,9,0,0,NULL);
INSERT INTO "players" VALUES (411,'Łukasz','Fabiański','1985-04-18',163,'Goalkeeper',37,23000000,70000,'2021-06-30',9,7,81,81,5,81,0,0,NULL);
INSERT INTO "players" VALUES (412,'Tomas','Soucek','1995-02-27',49,'Midfielder',37,72000000,74000,'2024-06-30',64,62,81,86,76,9,0,0,NULL);
INSERT INTO "players" VALUES (413,'Ben','Chilwell','1996-12-21',226,'Defender',21,39000000,74000,'2024-06-30',31,72,81,85,49,3,0,0,NULL);
INSERT INTO "players" VALUES (414,'Youri','Tielemans','1997-05-07',19,'Midfielder',21,79000000,82000,'2023-06-30',63,56,81,87,81,3,0,0,NULL);
INSERT INTO "players" VALUES (415,'Gerard','Deulofeu','1994-03-13',61,'Midfielder',35,35000000,76000,'2023-06-30',65,57,81,82,77,8,0,0,NULL);
INSERT INTO "players" VALUES (416,'Granit','Xhaka','1992-09-27',38,'Midfielder',1,31000000,80000,'2023-06-30',65,57,80,81,77,8,0,0,NULL);
INSERT INTO "players" VALUES (417,'Pepe','Reina','1982-08-31',61,'Goalkeeper',2,20000000,33000,'2020-06-30',4,8,80,80,8,80,0,0,NULL);
INSERT INTO "players" VALUES (418,'Jack','Grealish','1995-09-10',226,'Midfielder',2,70000000,59000,'2023-06-30',58,64,80,85,79,4,0,0,NULL);
INSERT INTO "players" VALUES (419,'Olivier','Giroud','1986-09-30',68,'Striker',10,31000000,120000,'2020-06-30',74,32,80,80,47,4,0,0,NULL);
INSERT INTO "players" VALUES (420,'Pedro','Ledesma','1987-07-28',61,'Striker',10,32000000,120000,'2020-06-30',78,29,80,80,49,7,0,0,NULL);
INSERT INTO "players" VALUES (421,'Andreas','Christensen','1996-04-10',52,'Defender',10,70000000,85000,'2022-06-30',30,77,80,85,49,7,0,0,NULL);
INSERT INTO "players" VALUES (422,'Christian','Pulisic','1998-09-18',210,'Striker',10,99000000,89000,'2024-06-30',78,29,80,86,49,7,0,0,NULL);
INSERT INTO "players" VALUES (423,'Gylfi','Sigurdsson','1989-09-08',96,'Midfielder',13,28000000,92000,'2022-06-30',62,61,80,80,81,7,0,0,NULL);
INSERT INTO "players" VALUES (424,'Andre','Gomes','1993-07-30',167,'Midfielder',13,32000000,84000,'2024-06-30',60,65,80,83,76,8,0,0,NULL);
INSERT INTO "players" VALUES (425,'Alex','Oxlade-Chamberlain','1993-08-15',226,'Midfielder',22,32000000,90000,'2023-06-30',60,65,80,83,76,8,0,0,NULL);
INSERT INTO "players" VALUES (426,'Dejan','Lovren','1989-07-05',87,'Defender',22,27000000,90000,'2021-06-30',28,81,80,80,44,8,0,0,NULL);
INSERT INTO "players" VALUES (427,'Nicolas','Otamendi','1988-02-12',10,'Defender',23,26000000,110000,'2022-06-30',28,81,80,80,44,8,0,0,NULL);
INSERT INTO "players" VALUES (428,'Benjamin','Mendy','1994-07-17',68,'Defender',23,67000000,96000,'2022-06-30',28,81,80,85,44,8,0,0,NULL);
INSERT INTO "players" VALUES (429,'Luke','Shaw','1995-07-12',226,'Defender',24,35000000,90000,'2023-06-30',32,78,80,82,46,4,0,0,NULL);
INSERT INTO "players" VALUES (430,'Fred','Santos','1993-03-05',28,'Midfielder',24,31000000,105000,'2023-06-30',64,62,80,82,78,4,0,0,NULL);
INSERT INTO "players" VALUES (431,'Nemanja','Matic','1988-08-01',230,'Midfielder',24,27000000,105000,'2021-06-30',64,62,80,80,78,4,0,0,NULL);
INSERT INTO "players" VALUES (432,'Sergio','Romero','1987-02-22',10,'Goalkeeper',24,22000000,85000,'2021-06-30',8,7,80,80,7,80,0,0,NULL);
INSERT INTO "players" VALUES (433,'Juan','Mata','1988-04-28',61,'Midfielder',24,26000000,115000,'2021-06-30',57,59,80,80,80,7,0,0,NULL);
INSERT INTO "players" VALUES (434,'Eric','Bailly','1994-04-12',39,'Defender',24,32000000,100000,'2022-06-30',25,75,80,83,48,7,0,0,NULL);
INSERT INTO "players" VALUES (435,'Allan','Saint-Maximin','1997-03-13',68,'Striker',25,90000000,43000,'2025-06-30',73,27,80,86,48,7,0,0,NULL);
INSERT INTO "players" VALUES (436,'Harry','Winks','1996-02-02',226,'Midfielder',32,70000000,82000,'2024-06-30',57,59,80,85,80,7,0,0,NULL);
INSERT INTO "players" VALUES (437,'Erik','Lamela','1992-03-04',10,'Midfielder',32,30000000,94000,'2022-06-30',56,63,80,80,74,8,0,0,NULL);
INSERT INTO "players" VALUES (438,'Tanguy','Ndombele','1996-12-28',68,'Midfielder',32,74000000,82000,'2024-06-30',56,63,80,88,74,8,0,0,NULL);
INSERT INTO "players" VALUES (439,'Johnny','Evans','1988-01-03',229,'Defender',21,26000000,80000,'2021-06-30',24,79,80,80,42,8,0,0,NULL);
INSERT INTO "players" VALUES (440,'Caglar','Soyuncu','1996-05-23',203,'Defender',21,70000000,69000,'2023-06-30',27,75,80,85,44,4,0,0,NULL);
INSERT INTO "players" VALUES (441,'Matt','Doherty','1992-01-16',91,'Defender',38,30000000,80000,'2023-06-30',26,80,80,80,49,5,0,0,NULL);
INSERT INTO "players" VALUES (442,'Willy','Boly','1991-02-03',68,'Defender',38,29000000,84000,'2021-06-30',26,80,80,80,49,5,0,0,NULL);
INSERT INTO "players" VALUES (443,'Diogo','Jota','1996-12-04',167,'Striker',38,90000000,84000,'2022-06-30',74,32,80,86,49,5,0,0,NULL);
INSERT INTO "players" VALUES (444,'Ben','Foster','1983-04-03',226,'Goalkeeper',35,20000000,36000,'2020-06-30',7,6,80,80,3,80,0,0,NULL);
INSERT INTO "players" VALUES (445,'Abdoulaye','Doucoure','1993-01-01',68,'Midfielder',35,31000000,68000,'2023-06-30',61,60,80,83,73,8,0,0,NULL);
INSERT INTO "players" VALUES (446,'Nick','Pope','1992-04-19',226,'Goalkeeper',9,27000000,34000,'2023-06-30',7,6,80,81,3,80,0,0,NULL);
INSERT INTO "players" VALUES (447,'James','Tarkowski','1992-11-19',226,'Defender',9,31000000,41000,'2022-06-30',29,76,80,81,41,8,0,0,NULL);
INSERT INTO "players" VALUES (448,'Vincente','Panadero','1987-01-10',61,'Goalkeeper',11,22000000,48000,'2021-06-30',7,6,80,80,3,80,0,0,NULL);
INSERT INTO "players" VALUES (449,'Mathew','Ryan','1992-04-08',13,'Goalkeeper',8,27000000,44000,'2022-06-30',9,4,80,82,5,80,0,0,NULL);
INSERT INTO "players" VALUES (450,'Nathan','Ake','1995-02-18',150,'Defender',7,34000000,58000,'2022-06-30',33,73,80,84,43,4,0,0,NULL);
INSERT INTO "players" VALUES (451,'Hector','Bellerin','1995-03-19',61,'Defender',1,63000000,65000,'2023-06-30',32,72,79,84,42,4,0,0,NULL);
INSERT INTO "players" VALUES (452,'Shkodran','Mustafi','1992-04-17',50,'Defender',1,28000000,76000,'2021-06-30',32,72,79,81,42,4,0,0,NULL);
INSERT INTO "players" VALUES (453,'Mason','Mount','1999-01-10',226,'Midfielder',10,76000000,76000,'2024-06-30',62,60,79,87,79,6,0,0,NULL);
INSERT INTO "players" VALUES (454,'Tammy','Bakumo-Abraham','1997-10-02',226,'Striker',10,88000000,85000,'2022-06-30',78,28,79,86,47,6,0,0,NULL);
INSERT INTO "players" VALUES (455,'Ross','Barkley','1993-12-05',226,'Midfielder',10,30000000,98000,'2023-06-30',62,60,79,82,79,6,0,0,NULL);
INSERT INTO "players" VALUES (456,'Michy','Batshuayi','1993-10-02',19,'Striker',10,37000000,105000,'2021-06-30',78,28,79,82,47,6,0,0,NULL);
INSERT INTO "players" VALUES (457,'Ruben','Loftus-Cheek','1996-01-23',226,'Midfielder',10,66000000,89000,'2024-06-30',56,57,79,85,80,9,0,0,NULL);
INSERT INTO "players" VALUES (458,'Yerry','Mina','1994-09-23',44,'Defender',13,32000000,65000,'2023-06-30',24,73,79,83,48,9,0,0,NULL);
INSERT INTO "players" VALUES (459,'Dominic','Calvert-Lewin','1997-03-16',226,'Striker',13,84000000,80000,'2025-06-30',72,25,79,84,48,9,0,0,NULL);
INSERT INTO "players" VALUES (460,'Micheal','Keane','1993-01-11',226,'Defender',13,29000000,76000,'2022-06-30',24,73,79,80,48,9,0,0,NULL);
INSERT INTO "players" VALUES (461,'Jean-Philippe','Gbamin','1995-09-25',39,'Midfielder',13,66000000,65000,'2024-06-30',59,64,79,84,72,4,0,0,NULL);
INSERT INTO "players" VALUES (462,'Oleksandr','Zinchenko','1996-12-15',208,'Defender',23,69000000,91000,'2024-06-30',27,80,79,85,40,4,0,0,NULL);
INSERT INTO "players" VALUES (463,'Scott','McTominay','1996-12-08',227,'Midfielder',24,69000000,95000,'2023-06-30',59,64,79,86,72,4,0,0,NULL);
INSERT INTO "players" VALUES (464,'Fabian','Schar','1991-12-20',38,'Defender',25,28000000,43000,'2021-06-30',27,80,79,81,40,4,0,0,NULL);
INSERT INTO "players" VALUES (465,'James','Ward-Prowse','1994-11-01',226,'Midfielder',31,32000000,53000,'2022-06-30',58,58,79,83,77,6,0,0,NULL);
INSERT INTO "players" VALUES (466,'Pierre-Emile','Hojbjerg','1995-08-05',52,'Midfielder',31,66000000,53000,'2021-06-30',58,58,79,84,77,6,0,0,NULL);
INSERT INTO "players" VALUES (467,'Daniel','Ings','1992-07-23',226,'Striker',31,36000000,66000,'2022-06-30',74,26,79,80,45,6,0,0,NULL);
INSERT INTO "players" VALUES (468,'Serge','Aurier','1992-12-24',39,'Defender',32,29000000,81000,'2022-06-30',26,74,79,80,45,6,0,0,NULL);
INSERT INTO "players" VALUES (469,'Ben','Davies','1993-04-24',228,'Defender',32,29000000,81000,'2024-06-30',29,71,79,80,47,9,0,0,NULL);
INSERT INTO "players" VALUES (470,'Moussa','Sissoko','1989-08-16',68,'Midfielder',32,26000000,93000,'2023-06-30',61,55,79,79,79,9,0,0,NULL);
INSERT INTO "players" VALUES (471,'Pablo','Fornals','1996-02-22',61,'Midfielder',37,66000000,72000,'2024-06-30',61,55,79,85,79,9,0,0,NULL);
INSERT INTO "players" VALUES (472,'Manuel','Lanzini','1993-02-15',10,'Midfielder',37,29000000,83000,'2023-06-30',60,59,79,80,74,3,0,0,NULL);
INSERT INTO "players" VALUES (473,'Jonathan','Otto','1994-03-03',61,'Midfielder',38,30000000,72000,'2023-06-30',60,59,79,82,74,3,0,0,NULL);
INSERT INTO "players" VALUES (474,'Leander','Dendoncker','1995-04-15',19,'Defender',38,63000000,65000,'2023-06-30',28,75,79,84,42,3,0,0,NULL);
INSERT INTO "players" VALUES (475,'Dean','Henderson','1997-03-12',226,'Goalkeeper',30,61000000,26000,'2020-06-30',9,4,79,87,6,79,0,0,NULL);
INSERT INTO "players" VALUES (476,'Sandre','Berge','1998-02-18',151,'Midfielder',30,72000000,28000,'2024-06-30',63,56,79,87,76,6,0,0,NULL);
INSERT INTO "players" VALUES (477,'Etienne','Capoue','1988-07-11',68,'Midfielder',35,25000000,64000,'2022-06-30',63,56,79,79,76,6,0,0,NULL);
INSERT INTO "players" VALUES (478,'Luka','Milivojevic','1991-04-07',230,'Midfielder',11,27000000,58000,'2023-06-30',63,56,79,79,76,6,0,0,NULL);
INSERT INTO "players" VALUES (479,'Lewis','Dunk','1991-11-21',226,'Midfielder',8,28000000,51000,'2023-06-30',57,63,79,81,77,9,0,0,NULL);
INSERT INTO "players" VALUES (480,'Ryan','Fraser','1994-02-24',227,'Midfielder',7,30000000,67000,'2020-06-30',57,63,79,80,77,9,0,0,NULL);
INSERT INTO "players" VALUES (481,'Callum','Wilson','1992-02-27',226,'Striker',7,34000000,77000,'2023-06-30',73,31,79,79,45,9,0,0,NULL);
INSERT INTO "players" VALUES (482,'Mbwana','Samatta','1992-12-13',207,'Striker',2,33000000,63000,'2024-06-30',72,31,78,79,45,9,0,0,NULL);
INSERT INTO "players" VALUES (483,'Tom','Heaton','1986-04-15',226,'Goalkeeper',2,19000000,43000,'2021-06-30',4,9,78,78,7,78,0,0,NULL);
INSERT INTO "players" VALUES (484,'Emerson','Santos','1994-08-03',97,'Defender',10,29000000,73000,'2022-06-30',23,72,78,82,40,3,0,0,NULL);
INSERT INTO "players" VALUES (485,'Djibril','Sidibe','1992-07-29',68,'Defender',13,27000000,69000,'2020-06-30',23,72,78,78,40,3,0,0,NULL);
INSERT INTO "players" VALUES (486,'Bernard','Duarte','1992-09-08',28,'Midfielder',13,27000000,75000,'2022-06-30',54,56,78,78,71,3,0,0,NULL);
INSERT INTO "players" VALUES (487,'Seamus','Coleman','1988-10-11',91,'Defender',13,24000000,69000,'2022-06-30',23,72,78,78,40,3,0,0,NULL);
INSERT INTO "players" VALUES (488,'Divock','Origi','1995-04-18',19,'Striker',22,72000000,77000,'2024-06-30',74,32,78,83,42,6,0,0,NULL);
INSERT INTO "players" VALUES (489,'Adam','Lallana','1988-05-10',226,'Midfielder',22,23000000,80000,'2021-06-30',58,63,78,78,73,6,0,0,NULL);
INSERT INTO "players" VALUES (490,'Jesse','Lindgard','1992-12-15',226,'Midfielder',24,27000000,99000,'2021-06-30',58,63,78,78,73,6,0,0,NULL);
INSERT INTO "players" VALUES (491,'Odion','Ighalo','1989-06-16',148,'Striker',24,29000000,110000,'2020-06-30',74,32,78,78,42,6,0,0,NULL);
INSERT INTO "players" VALUES (492,'Jamaal','Lascelles','1993-11-11',226,'Striker',25,34000000,37000,'2024-06-30',74,32,78,82,42,6,0,0,NULL);
INSERT INTO "players" VALUES (493,'Frederico','Fernandez','1989-02-21',10,'Defender',25,24000000,39000,'2021-06-30',31,76,78,78,44,9,0,0,NULL);
INSERT INTO "players" VALUES (494,'Danny','Rose','1990-07-02',226,'Defender',25,24000000,41000,'2020-06-30',31,76,78,78,44,9,0,0,NULL);
INSERT INTO "players" VALUES (495,'Miguel','Almiron','1994-02-10',169,'Midfielder',25,28000000,41000,'2024-06-30',62,60,78,79,75,9,0,0,NULL);
INSERT INTO "players" VALUES (496,'Jonjo','Shelvey','1992-02-27',226,'Midfielder',25,26000000,43000,'2023-06-30',62,60,78,78,75,9,0,0,NULL);
INSERT INTO "players" VALUES (497,'Florian','Lejeune','1991-05-20',68,'Defender',25,25000000,41000,'2022-06-30',29,70,78,80,39,4,0,0,NULL);
INSERT INTO "players" VALUES (498,'Jan','Bednarek','1996-04-12',163,'Defender',31,61000000,43000,'2022-06-30',29,70,78,84,39,4,0,0,NULL);
INSERT INTO "players" VALUES (499,'Eric','Dier','1994-01-15',226,'Midfielder',32,28000000,70000,'2021-06-30',60,54,78,82,70,4,0,0,NULL);
INSERT INTO "players" VALUES (500,'Issa','Diop','1997-01-09',68,'Defender',37,64000000,59000,'2023-06-30',32,77,78,85,41,7,0,0,NULL);
INSERT INTO "players" VALUES (501,'Declan','Rice','1999-01-14',226,'Midfielder',37,71000000,49000,'2024-06-30',63,61,78,86,72,7,0,0,NULL);
INSERT INTO "players" VALUES (502,'Michail','Antonio','1990-03-28',226,'Midfielder',37,24000000,79000,'2021-06-30',62,55,78,78,77,8,0,0,NULL);
INSERT INTO "players" VALUES (503,'Andriy','Yarmolenko','1989-10-23',208,'Midfielder',37,24000000,79000,'2022-06-30',62,55,78,78,77,8,0,0,NULL);
INSERT INTO "players" VALUES (504,'Ayoze','Perez','1993-07-29',61,'Striker',21,34000000,79000,'2023-06-30',78,24,78,79,46,8,0,0,NULL);
INSERT INTO "players" VALUES (505,'Harvey','Barnes','1997-12-09',226,'Striker',21,82000000,62000,'2024-06-30',78,24,78,85,46,8,0,0,NULL);
INSERT INTO "players" VALUES (506,'Conor','Coady','1993-02-25',226,'Defender',38,27000000,69000,'2023-06-30',24,78,78,80,47,4,0,0,NULL);
INSERT INTO "players" VALUES (507,'Roman','Saiss','1990-03-26',123,'Defender',38,24000000,72000,'2021-06-30',24,78,78,78,47,4,0,0,NULL);
INSERT INTO "players" VALUES (508,'Adama','Traore','1996-01-25',61,'Striker',38,75000000,72000,'2023-06-30',71,31,78,84,47,4,0,0,NULL);
INSERT INTO "players" VALUES (509,'Daniel','Podence','1995-10-21',167,'Striker',38,37000000,72000,'2024-06-30',71,31,78,82,47,4,0,0,NULL);
INSERT INTO "players" VALUES (510,'Christian','Kabasele','1991-02-24',19,'Defender',35,25000000,61000,'2021-06-30',28,75,78,79,39,7,0,0,NULL);
INSERT INTO "players" VALUES (511,'Will','Hughes','1995-04-17',226,'Midfielder',35,59000000,55000,'2022-06-30',59,59,78,83,70,7,0,0,NULL);
INSERT INTO "players" VALUES (512,'Ismaila','Sarr','1998-02-25',187,'Midfielder',35,101000000,47000,'2024-06-30',59,59,78,88,70,7,0,0,NULL);
INSERT INTO "players" VALUES (513,'Ben','Mee','1989-09-23',226,'Defender',9,24000000,37000,'2021-06-30',26,79,78,78,44,8,0,0,NULL);
INSERT INTO "players" VALUES (514,'Chris','Wood','1991-12-07',155,'Striker',9,32000000,42000,'2023-06-30',73,32,78,78,44,8,0,0,NULL);
INSERT INTO "players" VALUES (515,'Ashley','Barnes','1989-10-30',226,'Striker',9,30000000,44000,'2022-06-30',73,32,78,78,44,8,0,0,NULL);
INSERT INTO "players" VALUES (516,'Gary','Cahill','1985-12-19',226,'Defender',11,21000000,50000,'2021-06-30',30,76,78,78,46,4,0,0,NULL);
INSERT INTO "players" VALUES (517,'Pascal','Gross','1991-06-15',50,'Midfielder',8,25000000,52000,'2022-06-30',61,60,78,78,77,4,0,0,NULL);
INSERT INTO "players" VALUES (518,'Leandro','Trossard','1994-12-04',19,'Midfielder',8,29000000,44000,'2023-06-30',61,60,78,81,77,4,0,0,NULL);
INSERT INTO "players" VALUES (519,'Shane','Duffy','1992-01-01',91,'Defender',8,26000000,46000,'2023-06-30',30,76,78,79,46,4,0,0,NULL);
INSERT INTO "players" VALUES (520,'Joshua','King','1992-01-15',151,'Striker',7,32000000,69000,'2021-06-30',71,26,78,78,48,7,0,0,NULL);
INSERT INTO "players" VALUES (521,'Sead','Kolasinac','1993-06-20',16,'Defender',1,25000000,64000,'2022-06-30',24,72,77,80,47,7,0,0,NULL);
INSERT INTO "players" VALUES (522,'Matteo','Guendouzi','1999-04-14',68,'Midfielder',1,66000000,46000,'2023-06-30',54,56,77,86,78,7,0,0,NULL);
INSERT INTO "players" VALUES (523,'Kieran','Tierney','1997-06-05',227,'Defender',1,60000000,55000,'2024-06-30',24,72,77,86,47,7,0,0,NULL);
INSERT INTO "players" VALUES (524,'John','McGinn','1994-10-18',227,'Midfielder',2,55000000,48000,'2024-06-30',62,60,77,82,73,8,0,0,NULL);
INSERT INTO "players" VALUES (525,'Wesley','Silva','1996-11-26',28,'Striker',2,73000000,52000,'2024-06-30',78,30,77,83,42,8,0,0,NULL);
INSERT INTO "players" VALUES (526,'Fikayo','Tomori','1997-12-19',226,'Defender',10,62000000,57000,'2021-06-30',32,76,77,86,42,8,0,0,NULL);
INSERT INTO "players" VALUES (527,'Mason','Holgate','1996-10-22',226,'Defender',13,30000000,55000,'2025-06-30',32,76,77,81,42,8,0,0,NULL);
INSERT INTO "players" VALUES (528,'Alex','Iwobi','1996-05-03',148,'Midfielder',13,29000000,61000,'2024-06-30',55,57,77,81,74,4,0,0,NULL);
INSERT INTO "players" VALUES (529,'Fabian','Delph','1989-11-21',226,'Midfielder',13,23000000,68000,'2022-06-30',55,57,77,77,74,4,0,0,NULL);
INSERT INTO "players" VALUES (530,'Takumi','Minamino','1995-01-16',100,'Midfielder',22,27000000,66000,'2024-06-30',55,57,77,80,74,4,0,0,NULL);
INSERT INTO "players" VALUES (531,'Philip','Phoden','2000-05-28',226,'Midfielder',23,104000000,56000,'2024-06-30',55,57,77,89,74,4,0,0,NULL);
INSERT INTO "players" VALUES (532,'Claudio','Bravo','1983-04-13',41,'Goalkeeper',23,16000000,47000,'2020-06-30',3,8,77,77,3,77,0,0,NULL);
INSERT INTO "players" VALUES (533,'Daniel','James','1997-11-10',228,'Midfielder',24,62000000,69000,'2024-06-30',54,61,77,83,69,6,0,0,NULL);
INSERT INTO "players" VALUES (534,'Phil','Jones','1992-02-21',226,'Defender',24,24000000,85000,'2023-06-30',24,77,77,77,38,6,0,0,NULL);
INSERT INTO "players" VALUES (535,'Ciaran','Clark','1989-09-26',91,'Defender',25,23000000,38000,'2021-06-30',24,77,77,77,38,6,0,0,NULL);
INSERT INTO "players" VALUES (536,'Valentino','Lazaro','1996-03-24',12,'Defender',25,57000000,31000,'2020-06-30',27,74,77,82,40,9,0,0,NULL);
INSERT INTO "players" VALUES (537,'Alex','McCarthy','1989-12-03',226,'Goalkeeper',31,20000000,41000,'2022-06-30',6,6,77,77,4,77,0,0,NULL);
INSERT INTO "players" VALUES (538,'Ryan','Bertrand','1989-08-05',226,'Defender',31,23000000,50000,'2021-06-30',27,74,77,77,40,9,0,0,NULL);
INSERT INTO "players" VALUES (539,'Nathan','Redmond','1994-03-06',226,'Midfielder',31,26000000,50000,'2023-06-30',57,58,77,78,71,9,0,0,NULL);
INSERT INTO "players" VALUES (540,'Jannik','Vestergaard','1992-08-03',52,'Defender',31,25000000,48000,'2022-06-30',27,74,77,78,40,9,0,0,NULL);
INSERT INTO "players" VALUES (541,'Paulo','Gazzaniga','1992-01-02',10,'Goalkeeper',32,22000000,56000,'2022-06-30',8,4,77,80,6,77,0,0,NULL);
INSERT INTO "players" VALUES (542,'Angelo','Ogbonna','1988-05-23',97,'Defender',37,21000000,64000,'2022-06-30',31,71,77,77,42,5,0,0,NULL);
INSERT INTO "players" VALUES (543,'Robert','Snodgrass','1987-09-07',227,'Midfielder',37,21000000,71000,'2021-06-30',61,55,77,77,73,5,0,0,NULL);
INSERT INTO "players" VALUES (544,'Jack','Wilshere','1992-01-01',226,'Midfielder',37,24000000,71000,'2021-06-30',59,59,77,77,78,6,0,0,NULL);
INSERT INTO "players" VALUES (545,'Dennis','Praet','1994-05-14',19,'Midfielder',21,26000000,68000,'2024-06-30',59,59,77,80,78,6,0,0,NULL);
INSERT INTO "players" VALUES (546,'Emiliano','Buendia','1996-12-25',10,'Midfielder',26,60000000,41000,'2024-06-30',59,59,77,83,78,6,0,0,NULL);
INSERT INTO "players" VALUES (547,'Teemu','Pukki','1990-03-29',63,'Striker',26,28000000,53000,'2022-06-30',75,29,77,77,47,6,0,0,NULL);
INSERT INTO "players" VALUES (548,'John','Egan','1992-10-20',91,'Defender',30,25000000,33000,'2022-06-30',23,72,77,79,39,9,0,0,NULL);
INSERT INTO "players" VALUES (549,'Jack','OConnel','1994-03-29',226,'Defender',30,26000000,32000,'2023-06-30',23,72,77,81,39,9,0,0,NULL);
INSERT INTO "players" VALUES (550,'Enda','Stevens','1990-07-09',91,'Defender',30,23000000,35000,'2023-06-30',23,72,77,77,39,9,0,0,NULL);
INSERT INTO "players" VALUES (551,'Oliver','Norwood','1991-04-12',229,'Midfielder',30,23000000,38000,'2021-06-30',53,56,77,77,70,9,0,0,NULL);
INSERT INTO "players" VALUES (552,'John','Fleck','1991-08-24',227,'Midfielder',30,24000000,36000,'2023-06-30',57,53,77,77,71,5,0,0,NULL);
INSERT INTO "players" VALUES (553,'Troy','Deeney','1988-06-29',226,'Striker',35,26000000,65000,'2021-06-30',73,23,77,77,40,5,0,0,NULL);
INSERT INTO "players" VALUES (554,'Roberto','Pereyra','1991-01-07',10,'Midfielder',35,23000000,62000,'2021-06-30',57,53,77,77,71,5,0,0,NULL);
INSERT INTO "players" VALUES (555,'Ashley','Westwood','1990-04-01',226,'Midfielder',9,23000000,38000,'2021-06-30',59,54,77,77,78,9,0,0,NULL);
INSERT INTO "players" VALUES (556,'Dwight','McNeil','1999-11-22',226,'Midfielder',9,69000000,21000,'2023-06-30',60,55,77,86,75,6,0,0,NULL);
INSERT INTO "players" VALUES (557,'Johann','Gudmundsson','1990-10-27',96,'Midfielder',9,23000000,38000,'2021-06-30',60,55,77,77,75,6,0,0,NULL);
INSERT INTO "players" VALUES (558,'James','Tomkins','1989-03-29',226,'Defender',11,22000000,48000,'2021-06-30',30,71,77,77,44,6,0,0,NULL);
INSERT INTO "players" VALUES (559,'Jordan','Ayew','1991-09-11',73,'Striker',11,30000000,56000,'2022-06-30',70,31,77,77,46,9,0,0,NULL);
INSERT INTO "players" VALUES (560,'Cheikhou','Kouyate','1989-12-21',187,'Midfielder',11,23000000,50000,'2022-06-30',54,61,77,77,77,9,0,0,NULL);
INSERT INTO "players" VALUES (561,'Mamadou','Sakho','1990-02-13',68,'Defender',11,23000000,50000,'2021-06-30',24,77,77,77,46,9,0,0,NULL);
INSERT INTO "players" VALUES (562,'Andros','Townsend','1991-07-16',226,'Midfielder',11,24000000,52000,'2021-06-30',54,61,77,77,77,9,0,0,NULL);
INSERT INTO "players" VALUES (563,'Davy','Propper','1991-09-02',150,'Midfielder',8,24000000,47000,'2023-06-30',62,56,77,77,72,4,0,0,NULL);
INSERT INTO "players" VALUES (564,'Aaron','Mooy','1990-09-15',13,'Midfielder',8,23000000,49000,'2023-06-30',62,56,77,77,72,4,0,0,NULL);
INSERT INTO "players" VALUES (565,'Steve','Cook','1991-04-19',226,'Defender',7,23000000,57000,'2021-06-30',32,72,77,77,41,4,0,0,NULL);
INSERT INTO "players" VALUES (566,'Diego','Rico','1993-02-23',61,'Defender',7,25000000,55000,'2022-06-30',32,72,77,78,41,4,0,0,NULL);
INSERT INTO "players" VALUES (567,'Harry','Wilson','1997-03-22',228,'Midfielder',7,60000000,52000,'2020-06-30',62,56,77,84,72,4,0,0,NULL);
INSERT INTO "players" VALUES (568,'Jefferson','Lerma','1994-10-25',44,'Midfielder',7,27000000,47000,'2023-06-30',56,62,77,80,73,7,0,0,NULL);
INSERT INTO "players" VALUES (569,'Pablo','Mari','1993-08-31',61,'Defender',1,49000000,57000,'2022-06-30',25,77,76,81,42,7,0,0,NULL);
INSERT INTO "players" VALUES (570,'Rob','Holding','1995-09-20',226,'Defender',1,53000000,52000,'2022-06-30',29,74,76,83,44,3,0,0,NULL);
INSERT INTO "players" VALUES (571,'Calum','Chambers','1995-01-20',226,'Defender',1,51000000,52000,'2022-06-30',29,74,76,81,44,3,0,0,NULL);
INSERT INTO "players" VALUES (572,'Frederic','Guilbert','1994-12-24',68,'Defender',2,51000000,40000,'2023-06-30',29,69,76,81,46,8,0,0,NULL);
INSERT INTO "players" VALUES (573,'Mahmoud','Hassan','1994-10-01',58,'Striker',2,31000000,49000,'2023-06-30',75,23,76,79,46,8,0,0,NULL);
INSERT INTO "players" VALUES (574,'Marco','van Ginkel','1992-12-01',150,'Midfielder',10,23000000,81000,'2020-06-30',54,61,76,77,68,4,0,0,NULL);
INSERT INTO "players" VALUES (575,'Theo','Walcott','1989-03-16',226,'Midfielder',13,20000000,66000,'2021-06-30',57,58,76,76,69,7,0,0,NULL);
INSERT INTO "players" VALUES (576,'Morgan','Schneiderlin','1989-11-08',68,'Midfielder',13,21000000,63000,'2021-06-30',61,60,76,76,73,9,0,0,NULL);
INSERT INTO "players" VALUES (577,'Adrian','Castillo','1987-01-03',61,'Goalkeeper',22,17000000,52000,'2021-06-30',4,6,76,76,7,76,0,0,NULL);
INSERT INTO "players" VALUES (578,'Nathaniel','Clyne','1991-04-05',226,'Defender',22,22000000,67000,'2020-06-30',31,71,76,76,40,9,0,0,NULL);
INSERT INTO "players" VALUES (579,'Andreas','Pereira','1996-01-01',28,'Midfielder',24,26000000,75000,'2023-06-30',54,57,76,80,77,6,0,0,NULL);
INSERT INTO "players" VALUES (580,'Isaac','Hayden','1995-03-22',226,'Midfielder',25,51000000,29000,'2021-06-30',54,57,76,83,77,6,0,0,NULL);
INSERT INTO "players" VALUES (581,'Joelinton','Lira','1996-08-14',28,'Striker',25,68000000,36000,'2024-06-30',73,23,76,82,38,9,0,0,NULL);
INSERT INTO "players" VALUES (582,'Nabil','Bentaleb','1994-11-24',55,'Midfielder',25,25000000,33000,'2020-06-30',58,54,76,80,68,9,0,0,NULL);
INSERT INTO "players" VALUES (583,'Jetro','WIlems','1994-03-30',150,'Defender',25,24000000,33000,'2020-06-30',27,69,76,79,38,9,0,0,NULL);
INSERT INTO "players" VALUES (584,'Paul','Dummett','1991-09-26',228,'Defender',25,23000000,34000,'2022-06-30',27,69,76,77,38,9,0,0,NULL);
INSERT INTO "players" VALUES (585,'Jack','Stephens','1994-01-27',226,'Defender',31,24000000,42000,'2022-06-30',25,73,76,80,43,4,0,0,NULL);
INSERT INTO "players" VALUES (586,'Aaron','Cresswell','1989-12-15',226,'Defender',37,21000000,63000,'2023-06-30',25,73,76,76,43,4,0,0,NULL);
INSERT INTO "players" VALUES (587,'Mark','Noble','1987-05-08',226,'Midfielder',37,19000000,66000,'2021-06-30',60,55,76,76,75,7,0,0,NULL);
INSERT INTO "players" VALUES (588,'Jarrod','Bowen','1996-12-20',226,'Midfielder',37,55000000,57000,'2025-06-30',53,62,76,83,77,3,0,0,NULL);
INSERT INTO "players" VALUES (589,'Fabian','Balbuena','1991-08-23',169,'Defender',37,23000000,60000,'2021-06-30',22,77,76,77,47,3,0,0,NULL);
INSERT INTO "players" VALUES (590,'Arthur','Masuaku','1993-11-07',35,'Defender',37,24000000,57000,'2024-06-30',31,71,76,78,42,4,0,0,NULL);
INSERT INTO "players" VALUES (591,'Marc','Albrighton','1989-11-18',226,'Midfielder',21,21000000,69000,'2022-06-30',62,56,76,76,72,4,0,0,NULL);
INSERT INTO "players" VALUES (592,'Tim','Krul','1988-04-03',150,'Goalkeeper',26,17000000,33000,'2022-06-30',9,5,76,76,5,76,0,0,NULL);
INSERT INTO "players" VALUES (593,'Ondrej','Duda','1994-12-05',184,'Midfielder',26,51000000,38000,'2020-06-30',62,56,76,81,72,4,0,0,NULL);
INSERT INTO "players" VALUES (594,'Kiko','Femenia','1991-02-02',61,'Defender',35,22000000,53000,'2021-06-30',31,71,76,76,42,4,0,0,NULL);
INSERT INTO "players" VALUES (595,'Tom','Cleverly','1989-08-12',226,'Midfielder',35,21000000,58000,'2022-06-30',55,53,76,76,74,7,0,0,NULL);
INSERT INTO "players" VALUES (596,'Daryl','Janmaat','1989-07-22',150,'Defender',35,21000000,53000,'2022-06-30',24,68,76,76,44,7,0,0,NULL);
INSERT INTO "players" VALUES (597,'Charlie','Taylor','1993-09-18',226,'Defender',9,24000000,30000,'2024-06-30',24,68,76,78,44,7,0,0,NULL);
INSERT INTO "players" VALUES (598,'Jack','Cork','1989-06-25',226,'Midfielder',9,20000000,34000,'2021-06-30',59,60,76,76,75,3,0,0,NULL);
INSERT INTO "players" VALUES (599,'Robbie','Brady','1992-01-14',91,'Midfielder',9,23000000,34000,'2020-06-30',59,60,76,76,75,3,0,0,NULL);
INSERT INTO "players" VALUES (600,'Jay','Rodriguez','1989-07-29',226,'Striker',9,26000000,38000,'2021-06-30',72,23,76,76,40,4,0,0,NULL);
INSERT INTO "players" VALUES (601,'Patrick','van Aanholt','1990-08-29',150,'Defender',11,22000000,46000,'2021-06-30',26,69,76,76,40,4,0,0,NULL);
INSERT INTO "players" VALUES (602,'James','McArthur','1987-10-07',227,'Midfielder',11,20000000,49000,'2020-06-30',57,54,76,76,70,4,0,0,NULL);
INSERT INTO "players" VALUES (603,'Max','Meyer','1995-09-18',50,'Midfielder',11,26000000,42000,'2021-06-30',57,54,76,79,70,4,0,0,NULL);
INSERT INTO "players" VALUES (604,'Martin','Kelly','1990-04-27',226,'Defender',11,21000000,46000,'2021-06-30',30,76,76,76,42,7,0,0,NULL);
INSERT INTO "players" VALUES (605,'Cenk','Tosun','1991-06-07',203,'Striker',11,27000000,55000,'2020-06-30',76,30,76,76,42,7,0,0,NULL);
INSERT INTO "players" VALUES (606,'James','McCarthy','1990-11-12',91,'Midfielder',11,22000000,46000,'2022-06-30',61,61,76,76,72,7,0,0,NULL);
INSERT INTO "players" VALUES (607,'Montoya','Tarralbo','1991-04-14',61,'Defender',8,22000000,42000,'2022-06-30',30,76,76,76,42,7,0,0,NULL);
INSERT INTO "players" VALUES (608,'Dale','Stephens','1989-06-12',226,'Midfielder',8,20000000,44000,'2021-06-30',61,61,76,76,72,7,0,0,NULL);
INSERT INTO "players" VALUES (609,'Neal','Maupay','1996-08-14',61,'Striker',8,68000000,42000,'2023-06-30',74,24,76,81,47,9,0,0,NULL);
INSERT INTO "players" VALUES (610,'Alexis','Mac Allister','1998-12-24',10,'Midfielder',8,91000000,33000,'2023-06-30',59,55,76,86,77,9,0,0,NULL);
INSERT INTO "players" VALUES (611,'Philip','Billing','1996-06-11',52,'Midfielder',7,53000000,49000,'2023-06-30',53,62,76,82,69,4,0,0,NULL);
INSERT INTO "players" VALUES (612,'Lewis','Cook','1997-02-03',226,'Midfielder',7,55000000,49000,'2022-06-30',53,62,76,82,69,4,0,0,NULL);
INSERT INTO "players" VALUES (613,'David','Brooks','1997-07-08',228,'Midfielder',7,58000000,41000,'2023-06-30',56,59,76,84,71,7,0,0,NULL);
INSERT INTO "players" VALUES (614,'Emiliano','Martinez','1992-09-02',10,'Goalkeeper',1,19000000,47000,'2022-06-30',5,7,75,78,5,75,0,0,NULL);
INSERT INTO "players" VALUES (615,'Ainsley','Maitland-Niles','1997-08-29',226,'Defender',1,54000000,41000,'2023-06-30',25,73,75,83,40,7,0,0,NULL);
INSERT INTO "players" VALUES (616,'Cedric','Soares','1991-08-31',167,'Defender',1,21000000,57000,'2020-06-30',25,73,75,75,40,7,0,0,NULL);
INSERT INTO "players" VALUES (617,'Bjorn','Engels','1994-09-15',19,'Defender',2,47000000,38000,'2023-06-30',24,67,75,80,44,9,0,0,NULL);
INSERT INTO "players" VALUES (618,'Tyrone','Mings','1993-03-13',226,'Defender',2,43000000,44000,'2023-06-30',24,67,75,80,44,9,0,0,NULL);
INSERT INTO "players" VALUES (619,'Matt','Targett','1995-09-18',226,'Defender',2,49000000,38000,'2023-06-30',24,67,75,82,44,9,0,0,NULL);
INSERT INTO "players" VALUES (620,'Marvelous','Nakamba','1994-01-19',225,'Midfielder',2,22000000,42000,'2024-06-30',54,52,75,78,74,9,0,0,NULL);
INSERT INTO "players" VALUES (621,'Anwar','El Ghazi','1995-05-03',150,'Striker',2,29000000,46000,'2023-06-30',69,22,75,78,44,9,0,0,NULL);
INSERT INTO "players" VALUES (622,'Danny','Drinkwater','1990-03-05',226,'Midfielder',2,19000000,50000,'2020-06-30',57,59,75,75,76,5,0,0,NULL);
INSERT INTO "players" VALUES (623,'Wilfredo','Caballero','1981-09-28',10,'Goalkeeper',10,14000000,37000,'2020-06-30',6,7,75,75,9,75,0,0,NULL);
INSERT INTO "players" VALUES (624,'Reece','James','1999-12-08',226,'Defender',10,89000000,37000,'2025-06-30',27,74,75,87,46,5,0,0,NULL);
INSERT INTO "players" VALUES (625,'Leighton','Baines','1984-12-11',226,'Defender',13,17000000,57000,'2020-06-30',31,70,75,75,38,8,0,0,NULL);
INSERT INTO "players" VALUES (626,'Moise','Kean','2000-02-28',97,'Striker',13,109000000,41000,'2024-06-30',76,25,75,85,38,8,0,0,NULL);
INSERT INTO "players" VALUES (627,'Tom','Davies','1998-06-30',226,'Midfielder',13,54000000,47000,'2023-06-30',61,55,75,81,68,8,0,0,NULL);
INSERT INTO "players" VALUES (628,'Diogo','Dalot','1999-03-18',167,'Defender',24,84000000,54000,'2023-06-30',31,70,75,85,38,8,0,0,NULL);
INSERT INTO "players" VALUES (629,'Manquillo','Gaitan','1994-05-05',61,'Defender',25,22000000,31000,'2020-06-30',29,75,75,78,43,9,0,0,NULL);
INSERT INTO "players" VALUES (630,'Dwight','Gayle','1990-10-17',226,'Striker',25,25000000,40000,'2021-06-30',74,30,75,75,43,9,0,0,NULL);
INSERT INTO "players" VALUES (631,'Matt','Ritchie','1989-09-10',227,'Defender',25,19000000,34000,'2023-06-30',29,75,75,75,43,9,0,0,NULL);
INSERT INTO "players" VALUES (632,'DeAndre','Yedlin','1993-07-09',210,'Defender',25,22000000,31000,'2021-06-30',29,75,75,78,43,9,0,0,NULL);
INSERT INTO "players" VALUES (633,'Andy','Carroll','1989-01-06',226,'Striker',25,23000000,39000,'2020-06-30',68,26,75,75,45,5,0,0,NULL);
INSERT INTO "players" VALUES (634,'Stuart','Armstring','1992-03-30',227,'Midfielder',31,21000000,46000,'2022-06-30',53,56,75,75,75,5,0,0,NULL);
INSERT INTO "players" VALUES (635,'Oriol','Romeu','1991-09-24',61,'Midfielder',31,21000000,42000,'2021-06-30',53,56,75,76,75,5,0,0,NULL);
INSERT INTO "players" VALUES (636,'Sofiane','Boufal','1993-09-17',123,'Midfielder',31,22000000,44000,'2021-06-30',61,60,75,76,70,6,0,0,NULL);
INSERT INTO "players" VALUES (637,'Moussa','Dejnepo','1998-06-15',129,'Midfielder',31,54000000,34000,'2023-06-30',61,60,75,83,70,6,0,0,NULL);
INSERT INTO "players" VALUES (638,'Gedson','Fernandes','1999-01-09',167,'Midfielder',32,56000000,50000,'2021-06-30',55,57,75,84,71,9,0,0,NULL);
INSERT INTO "players" VALUES (639,'Ryan','Sessegnon','2000-05-18',226,'Midfielder',32,89000000,38000,'2025-06-30',58,54,75,86,73,5,0,0,NULL);
INSERT INTO "players" VALUES (640,'Juan','Foyth','1998-01-12',10,'Defender',32,80000000,44000,'2022-06-30',27,73,75,85,38,7,0,0,NULL);
INSERT INTO "players" VALUES (641,'Darren','Randolph','1987-05-12',91,'Goalkeeper',37,16000000,47000,'2023-06-30',4,3,75,75,6,75,0,0,NULL);
INSERT INTO "players" VALUES (642,'Ryan','Fredericks','1992-10-10',226,'Defender',37,22000000,57000,'2022-06-30',24,67,75,76,42,5,0,0,NULL);
INSERT INTO "players" VALUES (643,'Nampalys','Mendy','1992-06-23',68,'Midfielder',21,21000000,57000,'2020-06-30',54,52,75,75,72,5,0,0,NULL);
INSERT INTO "players" VALUES (644,'Lukas','Rupp','1991-01-08',50,'Midfielder',26,20000000,44000,'2022-06-30',52,56,75,75,67,7,0,0,NULL);
INSERT INTO "players" VALUES (645,'George','Baldock','1993-03-09',226,'Defender',30,22000000,30000,'2022-06-30',22,71,75,76,37,7,0,0,NULL);
INSERT INTO "players" VALUES (646,'Chris','Basham','1988-07-20',226,'Defender',30,19000000,30000,'2021-06-30',22,71,75,75,37,7,0,0,NULL);
INSERT INTO "players" VALUES (647,'John','Lundstram','1994-02-18',226,'Midfielder',30,22000000,31000,'2020-06-30',52,56,75,78,67,7,0,0,NULL);
INSERT INTO "players" VALUES (648,'Panagiotis','Retsos','1998-08-09',80,'Defender',30,56000000,21000,'2020-06-30',26,68,75,84,39,3,0,0,NULL);
INSERT INTO "players" VALUES (649,'Craig','Cathcart','1989-02-06',229,'Defender',35,19000000,49000,'2023-06-30',26,68,75,75,39,3,0,0,NULL);
INSERT INTO "players" VALUES (650,'Jose','Holebas','1984-06-27',80,'Defender',35,16000000,35000,'2020-06-30',26,68,75,75,39,3,0,0,NULL);
INSERT INTO "players" VALUES (651,'Craig','Dawson','1990-05-06',226,'Defender',35,19000000,51000,'2023-06-30',26,68,75,75,39,3,0,0,NULL);
INSERT INTO "players" VALUES (652,'Huerelho','Gomes','1981-02-15',28,'Goalkeeper',35,13000000,26000,'2020-06-30',5,4,75,75,4,75,0,0,NULL);
INSERT INTO "players" VALUES (653,'Andre','Gray','1991-06-26',226,'Striker',35,25000000,60000,'2022-06-30',69,27,75,75,43,4,0,0,NULL);
INSERT INTO "players" VALUES (654,'Ignacio','Pussetto','1995-12-21',10,'Striker',35,60000000,51000,'2024-06-30',69,27,75,81,43,4,0,0,NULL);
INSERT INTO "players" VALUES (655,'Daniel','Welbeck','1990-11-26',226,'Striker',35,25000000,60000,'2022-06-30',73,24,75,75,45,7,0,0,NULL);
INSERT INTO "players" VALUES (656,'Nathaniel','Chalobah','1994-12-12',226,'Midfielder',35,23000000,42000,'2022-06-30',58,54,75,79,75,7,0,0,NULL);
INSERT INTO "players" VALUES (657,'Jeff','Hendrick','1992-01-31',91,'Midfielder',9,21000000,32000,'2020-06-30',61,61,75,75,67,3,0,0,NULL);
INSERT INTO "players" VALUES (658,'Joe','Hart','1987-04-19',226,'Goalkeeper',9,16000000,24000,'2020-06-30',9,9,75,75,3,75,0,0,NULL);
INSERT INTO "players" VALUES (659,'Matthew','Lowton','1989-06-09',226,'Defender',9,19000000,30000,'2021-06-30',31,76,75,75,37,3,0,0,NULL);
INSERT INTO "players" VALUES (660,'Joel','Ward','1989-10-29',226,'Defender',11,19000000,44000,'2021-06-30',31,76,75,75,37,3,0,0,NULL);
INSERT INTO "players" VALUES (661,'Wayne','Hennessey','1987-01-24',228,'Goalkeeper',11,16000000,34000,'2021-06-30',8,5,75,75,6,75,0,0,NULL);
INSERT INTO "players" VALUES (662,'Adam','Webster','1995-01-04',226,'Defender',8,23000000,33000,'2023-06-30',30,70,75,79,42,4,0,0,NULL);
INSERT INTO "players" VALUES (663,'Glenn','Murray','1983-09-25',226,'Striker',8,20000000,35000,'2021-06-30',75,25,75,75,42,4,0,0,NULL);
INSERT INTO "players" VALUES (664,'Solomon','March','1994-07-20',226,'Midfielder',8,23000000,37000,'2022-06-30',60,55,75,78,72,4,0,0,NULL);
INSERT INTO "players" VALUES (665,'Aaron','Ramsdale','1998-05-14',226,'Goalkeeper',7,48000000,26000,'2024-06-30',4,3,75,83,8,75,0,0,NULL);
INSERT INTO "players" VALUES (666,'Adam','Smith','1991-04-29',226,'Defender',7,20000000,51000,'2021-06-30',23,67,75,75,44,7,0,0,NULL);
INSERT INTO "players" VALUES (667,'Arnaut','Groeneveld','1997-01-31',150,'Midfielder',7,51000000,46000,'2024-06-30',53,52,75,81,74,7,0,0,NULL);
INSERT INTO "players" VALUES (668,'Bukayo','Saka','2001-09-05',226,'Midfielder',1,91000000,8000,'2021-06-30',52,51,74,89,73,7,0,0,NULL);
INSERT INTO "players" VALUES (669,'Gabriel','Martinelli','2001-06-18',28,'Striker',1,106000000,26000,'2023-06-30',71,29,74,88,46,3,0,0,NULL);
INSERT INTO "players" VALUES (670,'Douglas','Luiz','1998-05-09',28,'Midfielder',2,74000000,29000,'2023-06-30',56,58,74,87,75,3,0,0,NULL);
INSERT INTO "players" VALUES (671,'Conor','Hourihane','1991-02-02',91,'Midfielder',2,19000000,47000,'2022-06-30',56,58,74,74,75,3,0,0,NULL);
INSERT INTO "players" VALUES (672,'Borja','Baston','1992-08-25',61,'Striker',2,24000000,49000,'2020-06-30',71,29,74,74,46,3,0,0,NULL);
INSERT INTO "players" VALUES (673,'Callum','Hudson-Odoi','2000-11-07',226,'Striker',10,106000000,31000,'2024-06-30',69,23,74,88,40,5,0,0,NULL);
INSERT INTO "players" VALUES (674,'Mason','Greenwood','2001-10-01',226,'Striker',24,112000000,17000,'2023-06-30',69,23,74,89,40,5,0,0,NULL);
INSERT INTO "players" VALUES (675,'Axel','Tuanzebe','1997-11-14',226,'Defender',24,49000000,50000,'2022-06-30',25,67,74,82,40,5,0,0,NULL);
INSERT INTO "players" VALUES (676,'Sean','Longstaff','1997-10-30',226,'Midfielder',25,74000000,24000,'2022-06-30',54,52,74,85,69,5,0,0,NULL);
INSERT INTO "players" VALUES (677,'Christian','Atsu','1992-01-10',73,'Midfielder',25,19000000,33000,'2021-06-30',58,59,74,74,71,7,0,0,NULL);
INSERT INTO "players" VALUES (678,'Yoshinori','Muto','1992-07-15',100,'Striker',25,24000000,36000,'2022-06-30',73,30,74,75,42,7,0,0,NULL);
INSERT INTO "players" VALUES (679,'Kyle','Walker-Peters','1997-04-13',226,'Defender',31,47000000,34000,'2020-06-30',29,74,74,79,42,7,0,0,NULL);
INSERT INTO "players" VALUES (680,'Angus','Gunn','1996-01-22',226,'Goalkeeper',31,40000000,26000,'2023-06-30',8,8,74,79,7,74,0,0,NULL);
INSERT INTO "players" VALUES (681,'Michel','Vorm','1983-10-20',150,'Goalkeeper',32,13000000,30000,'2020-06-30',6,4,74,74,3,74,0,0,NULL);
INSERT INTO "players" VALUES (682,'Pablo','Zabaleta','1985-01-16',10,'Defender',37,15000000,53000,'2020-06-30',27,68,74,74,37,9,0,0,NULL);
INSERT INTO "players" VALUES (683,'Demarai','Gray','1996-06-28',226,'Striker',21,28000000,56000,'2021-06-30',71,24,74,78,37,9,0,0,NULL);
INSERT INTO "players" VALUES (684,'Kelechi','Iheanacho','1996-10-03',148,'Striker',21,58000000,56000,'2022-06-30',71,24,74,80,37,9,0,0,NULL);
INSERT INTO "players" VALUES (685,'Wes','Morgan','1984-01-21',98,'Defender',21,15000000,38000,'2020-06-30',31,75,74,74,39,5,0,0,NULL);
INSERT INTO "players" VALUES (686,'Danny','Ward','1993-06-22',228,'Goalkeeper',21,18000000,43000,'2022-06-30',9,9,74,75,4,74,0,0,NULL);
INSERT INTO "players" VALUES (687,'Hamza','Choudhury','1997-10-01',226,'Midfielder',21,49000000,38000,'2023-06-30',60,60,74,80,68,5,0,0,NULL);
INSERT INTO "players" VALUES (688,'Todd','Cantwell','1998-02-27',226,'Midfielder',26,49000000,29000,'2022-06-30',60,60,74,82,68,5,0,0,NULL);
INSERT INTO "players" VALUES (689,'Oliver','McBurnie','1996-06-04',227,'Striker',30,55000000,29000,'2023-06-30',75,31,74,81,39,5,0,0,NULL);
INSERT INTO "players" VALUES (690,'Phil','Jagielka','1982-08-17',226,'Defender',30,14000000,20000,'2020-06-30',24,72,74,74,41,8,0,0,NULL);
INSERT INTO "players" VALUES (691,'Lys','Mousset','1996-02-08',68,'Striker',30,55000000,29000,'2022-06-30',68,28,74,79,41,8,0,0,NULL);
INSERT INTO "players" VALUES (692,'Adam','Masina','1994-01-02',97,'Defender',35,21000000,43000,'2023-06-30',24,72,74,76,41,8,0,0,NULL);
INSERT INTO "players" VALUES (693,'Adrian','Mariappa','1986-10-03',98,'Defender',35,16000000,45000,'2020-06-30',24,72,74,74,41,8,0,0,NULL);
INSERT INTO "players" VALUES (694,'Scott','Dann','1987-02-14',226,'Defender',11,16000000,39000,'2020-06-30',24,72,74,74,41,8,0,0,NULL);
INSERT INTO "players" VALUES (695,'Jeffrey','Schlupp','1992-12-23',73,'Midfielder',11,20000000,43000,'2021-06-30',52,51,74,74,75,9,0,0,NULL);
INSERT INTO "players" VALUES (696,'Dan','Burn','1992-05-09',226,'Defender',8,19000000,36000,'2023-06-30',23,66,74,75,46,9,0,0,NULL);
INSERT INTO "players" VALUES (697,'Alireza','Jahanbakhsh','1993-08-11',95,'Striker',8,25000000,41000,'2023-06-30',67,22,74,74,46,9,0,0,NULL);
INSERT INTO "players" VALUES (698,'Yves','Bissouma','1996-08-30',129,'Midfielder',8,47000000,34000,'2023-06-30',52,51,74,79,75,9,0,0,NULL);
INSERT INTO "players" VALUES (699,'Bernardo','Silva Junior','1995-05-14',28,'Defender',8,22000000,31000,'2022-06-30',26,73,74,78,37,5,0,0,NULL);
INSERT INTO "players" VALUES (700,'Jose','Izquierdo','1992-07-07',44,'Midfielder',8,20000000,39000,'2021-06-30',55,58,74,74,66,5,0,0,NULL);
INSERT INTO "players" VALUES (701,'Dan','Gosling','1990-02-01',226,'Midfielder',7,18000000,51000,'2021-06-30',55,58,74,74,66,5,0,0,NULL);
INSERT INTO "players" VALUES (702,'Simon','Francis','1985-02-16',226,'Defender',7,15000000,45000,'2020-06-30',26,73,74,74,37,5,0,0,NULL);
INSERT INTO "players" VALUES (703,'Andrew','Surman','1986-08-20',226,'Midfielder',7,16000000,49000,'2020-06-30',55,58,74,74,66,5,0,0,NULL);
INSERT INTO "players" VALUES (704,'Chris','Mepham','1997-11-05',228,'Defender',7,49000000,32000,'2023-06-30',30,70,74,82,39,8,0,0,NULL);
INSERT INTO "players" VALUES (705,'Reiss','Nelson','1999-12-10',226,'Striker',1,92000000,35000,'2022-06-30',73,25,73,83,38,8,0,0,NULL);
INSERT INTO "players" VALUES (706,'Jota','Ramallo','1991-06-16',61,'Striker',2,21000000,47000,'2021-06-30',73,25,73,73,38,8,0,0,NULL);
INSERT INTO "players" VALUES (707,'Karl','Darlow','1990-10-08',226,'Goalkeeper',25,15000000,24000,'2020-06-30',8,6,73,75,4,73,0,0,NULL);
INSERT INTO "players" VALUES (708,'Emil','Krafth','1994-08-02',179,'Defender',25,20000000,24000,'2023-06-30',27,73,73,77,43,9,0,0,NULL);
INSERT INTO "players" VALUES (709,'Shane','Long','1987-01-22',91,'Striker',31,18000000,43000,'2020-06-30',71,29,73,73,43,9,0,0,NULL);
INSERT INTO "players" VALUES (710,'Che','Adams','1996-07-13',226,'Striker',31,53000000,38000,'2024-06-30',71,29,73,80,43,9,0,0,NULL);
INSERT INTO "players" VALUES (711,'Albian','Ajeti','1997-02-26',38,'Striker',37,53000000,51000,'2023-06-30',71,29,73,80,43,9,0,0,NULL);
INSERT INTO "players" VALUES (712,'Ryan','Bennett','1990-03-06',226,'Defender',21,16000000,51000,'2020-06-30',27,73,73,73,43,9,0,0,NULL);
INSERT INTO "players" VALUES (713,'Christian','Fushs','1986-04-07',12,'Defender',21,14000000,49000,'2020-06-30',21,70,73,73,45,5,0,0,NULL);
INSERT INTO "players" VALUES (714,'Maximillian','Aarons','2000-01-04',226,'Defender',26,75000000,17000,'2024-06-30',21,70,73,85,45,5,0,0,NULL);
INSERT INTO "players" VALUES (715,'Kenny','McLean','1992-01-08',227,'Midfielder',26,18000000,36000,'2022-06-30',51,56,73,73,74,5,0,0,NULL);
INSERT INTO "players" VALUES (716,'Mario','Vrancic','1989-05-23',16,'Midfielder',26,16000000,36000,'2021-06-30',51,56,73,73,74,5,0,0,NULL);
INSERT INTO "players" VALUES (717,'Jamal','Lewis','1998-01-25',229,'Defender',26,68000000,23000,'2023-06-30',21,70,73,83,45,5,0,0,NULL);
INSERT INTO "players" VALUES (718,'Christoph','Zimmermann','1993-01-12',50,'Defender',26,18000000,33000,'2023-06-30',29,74,73,75,40,7,0,0,NULL);
INSERT INTO "players" VALUES (719,'Josip','Drmic','1992-08-08',38,'Striker',26,22000000,39000,'2022-06-30',73,30,73,73,40,7,0,0,NULL);
INSERT INTO "players" VALUES (720,'Onel','Hernandez','1993-02-01',50,'Midfielder',26,18000000,36000,'2023-06-30',59,60,73,73,69,7,0,0,NULL);
INSERT INTO "players" VALUES (721,'Moritz','Leitner','1992-12-08',50,'Midfielder',26,18000000,36000,'2022-06-30',53,57,73,74,71,3,0,0,NULL);
INSERT INTO "players" VALUES (722,'Tom','Trybull','1993-03-09',50,'Midfielder',26,18000000,33000,'2022-06-30',56,54,73,74,73,5,0,0,NULL);
INSERT INTO "players" VALUES (723,'Timm','Klose','1988-05-09',38,'Defender',26,15000000,33000,'2022-06-30',26,68,73,73,44,5,0,0,NULL);
INSERT INTO "players" VALUES (724,'Billy','Sharp','1986-02-05',226,'Striker',30,18000000,30000,'2021-06-30',70,24,73,73,44,5,0,0,NULL);
INSERT INTO "players" VALUES (725,'David','McGoldrick','1987-11-29',91,'Striker',30,19000000,30000,'2021-06-30',70,24,73,73,44,5,0,0,NULL);
INSERT INTO "players" VALUES (726,'Luke','Freeman','1992-03-22',226,'Midfielder',30,18000000,28000,'2022-06-30',55,58,73,73,67,7,0,0,NULL);
INSERT INTO "players" VALUES (727,'Aaron','Lennon','1987-04-16',226,'Midfielder',9,15000000,28000,'2020-06-30',55,58,73,73,67,7,0,0,NULL);
INSERT INTO "players" VALUES (728,'Erik','Pieters','1988-08-07',150,'Defender',9,16000000,25000,'2021-06-30',25,72,73,73,38,7,0,0,NULL);
INSERT INTO "players" VALUES (729,'Kevin','Long','1990-08-18',91,'Defender',9,17000000,26000,'2021-06-30',25,72,73,73,38,7,0,0,NULL);
INSERT INTO "players" VALUES (730,'Josh','Brownhill','1995-12-19',226,'Midfielder',9,41000000,24000,'2024-06-30',58,55,73,79,69,3,0,0,NULL);
INSERT INTO "players" VALUES (731,'Matej','Vydra','1992-05-01',49,'Midfielder',9,18000000,28000,'2021-06-30',58,55,73,73,69,3,0,0,NULL);
INSERT INTO "players" VALUES (732,'Ben','Gibson','1993-01-15',226,'Defender',9,18000000,25000,'2022-06-30',28,69,73,76,40,3,0,0,NULL);
INSERT INTO "players" VALUES (733,'Christian','Benteke','1990-12-03',19,'Striker',11,21000000,44000,'2020-06-30',72,25,73,73,40,3,0,0,NULL);
INSERT INTO "players" VALUES (734,'Junior','Stanislas','1989-11-26',226,'Midfielder',7,16000000,47000,'2021-06-30',52,52,73,73,71,6,0,0,NULL);
INSERT INTO "players" VALUES (735,'Orjan','Nyland','1990-09-10',151,'Goalkeeper',2,14000000,29000,'2021-06-30',3,3,72,72,7,72,0,0,NULL);
INSERT INTO "players" VALUES (736,'Maarten','Stekelenburg','1982-09-22',150,'Goalkeeper',13,11000000,23000,'2020-06-30',3,3,72,72,7,72,0,0,NULL);
INSERT INTO "players" VALUES (737,'Oumar','Niasse','1990-04-18',187,'Striker',13,18000000,53000,'2020-06-30',65,22,72,72,42,6,0,0,NULL);
INSERT INTO "players" VALUES (738,'Mikkel','Diskerud','1990-10-02',210,'Midfielder',23,16000000,69000,'2022-06-30',51,51,72,72,70,6,0,0,NULL);
INSERT INTO "players" VALUES (739,'Brandon','Williams','2000-09-03',226,'Defender',24,73000000,16000,'2022-06-30',30,69,72,86,37,7,0,0,NULL);
INSERT INTO "players" VALUES (740,'Timothy','Fosu-Mensah','1998-01-02',150,'Defender',24,41000000,41000,'2020-06-30',30,69,72,80,37,7,0,0,NULL);
INSERT INTO "players" VALUES (741,'Carlos','Sanchez','1986-02-06',44,'Midfielder',37,13000000,43000,'2020-06-30',59,55,72,72,65,7,0,0,NULL);
INSERT INTO "players" VALUES (742,'Daniel','Amartey','1994-12-21',73,'Defender',21,18000000,37000,'2022-06-30',30,69,72,75,37,7,0,0,NULL);
INSERT INTO "players" VALUES (743,'Ruben','Vinagre','1999-04-09',167,'Defender',38,65000000,31000,'2024-06-30',30,69,72,83,37,7,0,0,NULL);
INSERT INTO "players" VALUES (744,'Ben','Godfrey','1998-01-15',226,'Defender',26,62000000,21000,'2023-06-30',24,66,72,83,39,3,0,0,NULL);
INSERT INTO "players" VALUES (745,'Sam','Byram','1993-09-16',226,'Defender',26,17000000,28000,'2023-06-30',24,66,72,75,39,3,0,0,NULL);
INSERT INTO "players" VALUES (746,'Marco','Stiepermann','1991-02-09',50,'Midfielder',26,16000000,33000,'2022-06-30',53,52,72,72,67,3,0,0,NULL);
INSERT INTO "players" VALUES (747,'Ben','Osborn','1994-08-05',226,'Defender',30,36000000,19000,'2022-06-30',24,66,72,77,39,3,0,0,NULL);
INSERT INTO "players" VALUES (748,'Muhamed','Besic','1992-09-10',16,'Midfielder',30,17000000,24000,'2020-06-30',53,52,72,73,67,3,0,0,NULL);
INSERT INTO "players" VALUES (749,'Issac','Success','1996-01-07',148,'Striker',35,46000000,38000,'2023-06-30',65,27,72,78,44,4,0,0,NULL);
INSERT INTO "players" VALUES (750,'Phil','Bradsley','1985-06-28',227,'Defender',9,13000000,22000,'2020-06-30',22,70,72,72,44,4,0,0,NULL);
INSERT INTO "players" VALUES (751,'Jairo','Riedewald','1996-09-09',150,'Defender',11,20000000,27000,'2022-06-30',22,70,72,75,44,4,0,0,NULL);
INSERT INTO "players" VALUES (752,'Ezequeil','Schelotto','1989-05-23',97,'Defender',8,15000000,29000,'2020-06-30',22,70,72,72,44,4,0,0,NULL);
INSERT INTO "players" VALUES (753,'Jack','Stacey','1996-04-06',226,'Defender',7,38000000,31000,'2023-06-30',22,70,72,77,44,4,0,0,NULL);
INSERT INTO "players" VALUES (754,'Artur','Boruc','1980-02-20',163,'Goalkeeper',7,9900000,18000,'2020-06-30',6,5,72,72,9,72,0,0,NULL);
INSERT INTO "players" VALUES (755,'Jordon','Ibe','1996-12-08',226,'Midfielder',7,40000000,35000,'2020-06-30',55,53,72,77,73,7,0,0,NULL);
INSERT INTO "players" VALUES (756,'Charlie','Daniels','1986-09-07',226,'Defender',7,14000000,37000,'2020-06-30',26,67,72,72,45,7,0,0,NULL);
INSERT INTO "players" VALUES (757,'Joseph','Willock','1999-08-20',226,'Midfielder',1,63000000,24000,'2022-06-30',54,52,71,85,72,7,0,0,NULL);
INSERT INTO "players" VALUES (758,'Ezri','Konsa','1997-10-23',226,'Defender',2,57000000,21000,'2023-06-30',26,66,71,83,44,7,0,0,NULL);
INSERT INTO "players" VALUES (759,'Lewis','Baker','1995-04-25',226,'Midfielder',10,33000000,45000,'2022-06-30',57,58,71,76,64,3,0,0,NULL);
INSERT INTO "players" VALUES (760,'Scott','Carson','1985-09-03',226,'Goalkeeper',23,11000000,43000,'2020-06-30',9,9,71,71,4,71,0,0,NULL);
INSERT INTO "players" VALUES (761,'Lee','Grant','1983-01-27',226,'Goalkeeper',24,9800000,26000,'2021-06-30',9,9,71,71,4,71,0,0,NULL);
INSERT INTO "players" VALUES (762,'Kevin','Danso','1998-09-19',12,'Defender',31,40000000,20000,'2020-06-30',29,72,71,80,36,3,0,0,NULL);
INSERT INTO "players" VALUES (763,'Yan','Valery','1999-02-22',68,'Defender',31,60000000,20000,'2023-06-30',29,72,71,82,36,3,0,0,NULL);
INSERT INTO "players" VALUES (764,'Morgan','Gibbs-White','2000-01-27',226,'Midfielder',38,63000000,24000,'2022-06-30',56,52,71,84,69,5,0,0,NULL);
INSERT INTO "players" VALUES (765,'Pedro','Neto','2000-03-09',167,'Striker',38,77000000,27000,'2024-06-30',70,24,71,84,41,5,0,0,NULL);
INSERT INTO "players" VALUES (766,'Grant','Hanley','1991-11-20',227,'Defender',26,15000000,26000,'2023-06-30',28,66,71,71,41,5,0,0,NULL);
INSERT INTO "players" VALUES (767,'Alexander','Tettey','1986-04-04',151,'Midfielder',26,12000000,26000,'2021-06-30',56,52,71,71,69,5,0,0,NULL);
INSERT INTO "players" VALUES (768,'Beram','Kayal','1988-05-02',92,'Midfielder',8,13000000,28000,'2020-06-30',56,52,71,71,69,5,0,0,NULL);
INSERT INTO "players" VALUES (769,'Edward','Nketiah','1999-05-30',226,'Striker',1,66000000,30000,'2022-06-30',63,21,70,85,43,8,0,0,NULL);
INSERT INTO "players" VALUES (770,'Kortney','Hause','1995-07-16',226,'Defender',2,31000000,22000,'2023-06-30',21,63,70,76,43,8,0,0,NULL);
INSERT INTO "players" VALUES (771,'Ahmed','Elmohamady','1987-09-09',58,'Defender',2,12000000,26000,'2021-06-30',21,63,70,70,43,8,0,0,NULL);
INSERT INTO "players" VALUES (772,'Niel','Taylor','1989-02-07',228,'Defender',2,12000000,26000,'2021-06-30',25,70,70,70,35,3,0,0,NULL);
INSERT INTO "players" VALUES (773,'Henri','Lansbury','1990-10-12',226,'Midfielder',2,13000000,29000,'2021-06-30',53,56,70,70,63,3,0,0,NULL);
INSERT INTO "players" VALUES (774,'Jed','Steer','1992-09-23',226,'Goalkeeper',2,12000000,21000,'2023-06-30',6,8,70,72,3,70,0,0,NULL);
INSERT INTO "players" VALUES (775,'Henri','Saivet','1990-10-26',187,'Midfielder',25,13000000,22000,'2021-06-30',53,56,70,70,63,3,0,0,NULL);
INSERT INTO "players" VALUES (776,'James','Justin','1998-02-23',226,'Defender',21,51000000,24000,'2024-06-30',23,64,70,80,40,5,0,0,NULL);
INSERT INTO "players" VALUES (777,'Bartosz','Kapustka','1996-12-23',163,'Midfielder',21,33000000,32000,'2021-06-30',51,50,70,77,68,5,0,0,NULL);
INSERT INTO "players" VALUES (778,'John','Ruddy','1986-10-24',226,'Goalkeeper',38,10000000,27000,'2020-06-30',4,4,70,70,6,70,0,0,NULL);
INSERT INTO "players" VALUES (779,'Jack','Robinson','1993-09-01',226,'Defender',30,14000000,16000,'2022-06-30',23,64,70,71,40,5,0,0,NULL);
INSERT INTO "players" VALUES (780,'Joao','Pedro','2001-09-26',28,'Striker',35,78000000,7000,'2025-06-30',65,22,70,86,40,5,0,0,NULL);
INSERT INTO "players" VALUES (781,'Adalberto','Penaranda','1997-05-31',215,'Striker',35,40000000,29000,'2023-06-30',69,29,70,77,41,8,0,0,NULL);
INSERT INTO "players" VALUES (782,'Dominic','Solanke','1997-09-14',226,'Striker',7,42000000,25000,'2023-06-30',69,29,70,78,41,8,0,0,NULL);
INSERT INTO "players" VALUES (783,'Eric','Garcia','2001-01-09',61,'Defender',23,54000000,11000,'2022-06-30',26,70,69,85,40,8,0,0,NULL);
INSERT INTO "players" VALUES (784,'Rob','Elliot','1986-04-30',91,'Goalkeeper',25,8800000,13000,'2020-06-30',7,9,69,69,7,69,0,0,NULL);
INSERT INTO "players" VALUES (785,'Japhet','Tanganga','1999-03-31',226,'Defender',32,49000000,22000,'2021-06-30',24,64,69,84,35,9,0,0,NULL);
INSERT INTO "players" VALUES (786,'Michael','Verrips','1996-12-03',150,'Goalkeeper',30,26000000,10000,'2023-06-30',6,4,69,76,4,69,0,0,NULL);
INSERT INTO "players" VALUES (787,'Leon','Clarke','1985-02-10',226,'Striker',30,12000000,17000,'2020-06-30',70,29,69,69,37,5,0,0,NULL);
INSERT INTO "players" VALUES (788,'Domingos','Quina','1999-11-18',167,'Midfielder',35,51000000,15000,'2022-06-30',56,57,69,84,65,5,0,0,NULL);
INSERT INTO "players" VALUES (789,'Daniel','Bachmann','1994-07-09',12,'Goalkeeper',35,24000000,16000,'2024-06-30',4,7,69,75,6,69,0,0,NULL);
INSERT INTO "players" VALUES (790,'Bailey','Peacock-Farrell','1996-10-29',229,'Goalkeeper',9,26000000,10000,'2023-06-30',4,7,69,77,6,69,0,0,NULL);
INSERT INTO "players" VALUES (791,'Steven','Alzate','1998-09-08',44,'Midfielder',8,49000000,15000,'2021-06-30',49,54,69,80,67,8,0,0,NULL);
INSERT INTO "players" VALUES (792,'Rhu-endly','Martina','1989-09-25',233,'Defender',13,10000000,25000,'2020-06-30',20,61,68,68,34,9,0,0,NULL);
INSERT INTO "players" VALUES (793,'Angel','Gomes','2000-08-31',226,'Midfielder',24,49000000,12000,'2020-06-30',47,47,68,85,61,9,0,0,NULL);
INSERT INTO "players" VALUES (794,'Matthew','Longstaff','2000-03-21',226,'Midfielder',25,46000000,8000,'2020-06-30',47,47,68,84,61,9,0,0,NULL);
INSERT INTO "players" VALUES (795,'Jack','Rodwell','1991-03-11',226,'Defender',30,10000000,13000,'2020-06-30',20,61,68,68,34,9,0,0,NULL);
INSERT INTO "players" VALUES (796,'Richairo','Zivkovic','1996-09-05',150,'Striker',30,32000000,13000,'2021-06-03',61,20,68,73,34,9,0,0,NULL);
INSERT INTO "players" VALUES (797,'Jimmy','Dunne','1997-10-19',91,'Defender',9,28000000,9000,'2020-06-30',23,68,68,74,36,5,0,0,NULL);
INSERT INTO "players" VALUES (798,'David','Button','1989-02-27',226,'Goalkeeper',8,8600000,13000,'2021-06-30',5,8,68,68,4,68,0,0,NULL);
INSERT INTO "players" VALUES (799,'Lloyd','Kelly','1998-10-01',226,'Defender',7,44000000,15000,'2023-06-30',23,68,68,82,36,5,0,0,NULL);
INSERT INTO "players" VALUES (800,'Beni','Baningime','1998-09-09',35,'Midfielder',13,39000000,15000,'2022-06-30',49,53,67,77,62,5,0,0,NULL);
INSERT INTO "players" VALUES (801,'Michael','Obafemi','2000-07-06',91,'Striker',31,50000000,7000,'2022-06-30',63,27,67,81,35,5,0,0,NULL);
INSERT INTO "players" VALUES (802,'Oliver','Skipp','2000-09-16',226,'Midfielder',32,43000000,6000,'2021-06-30',53,50,67,84,64,8,0,0,NULL);
INSERT INTO "players" VALUES (803,'Goncalo','Cardoso','2000-10-21',167,'Defender',37,43000000,6000,'2024-06-30',27,64,67,79,37,8,0,0,NULL);
INSERT INTO "players" VALUES (804,'Alexandre','Silva','1997-03-16',167,'Midfielder',37,24000000,19000,'2021-06-30',53,50,67,75,64,8,0,0,NULL);
INSERT INTO "players" VALUES (805,'Matty','James','1991-07-22',226,'Midfielder',21,9600000,22000,'2021-06-30',53,50,67,67,64,8,0,0,NULL);
INSERT INTO "players" VALUES (806,'Michael','McGovern','1984-07-12',229,'Goalkeeper',26,6800000,11000,'2021-06-30',8,6,67,67,5,67,0,0,NULL);
INSERT INTO "players" VALUES (807,'Simon','Moore','1990-05-19',226,'Goalkeeper',30,8000000,9000,'2021-06-30',7,9,67,67,9,67,0,0,NULL);
INSERT INTO "players" VALUES (808,'Kieron','Freeman','1992-03-21',228,'Defender',30,9600000,11000,'2020-06-30',25,68,67,67,41,3,0,0,NULL);
INSERT INTO "players" VALUES (809,'Aaron','Connolly','2000-01-28',91,'Striker',8,50000000,10000,'2022-06-30',65,28,67,79,41,3,0,0,NULL);
INSERT INTO "players" VALUES (810,'Jason','Steele','1990-08-18',226,'Goalkeeper',8,8300000,12000,'2021-06-30',7,9,67,67,9,67,0,0,NULL);
INSERT INTO "players" VALUES (811,'Jack','Simpson','1997-01-08',226,'Defender',7,24000000,15000,'2021-06-30',25,68,67,76,41,3,0,0,NULL);
INSERT INTO "players" VALUES (812,'Sam','Surridge','1998-07-28',226,'Striker',7,32000000,16000,'2024-06-30',69,25,67,76,33,5,0,0,NULL);
INSERT INTO "players" VALUES (813,'Matt','Macey','1994-09-09',226,'Goalkeeper',1,17000000,12000,'2020-06-30',9,6,66,72,3,66,0,0,NULL);
INSERT INTO "players" VALUES (814,'Keinan','Davis','1998-02-13',226,'Striker',2,40000000,12000,'2020-06-30',68,24,66,76,33,5,0,0,NULL);
INSERT INTO "players" VALUES (815,'Billy','Gilmour','2001-06-11',227,'Midfielder',10,64000000,8000,'2023-06-30',55,51,66,86,59,5,0,0,NULL);
INSERT INTO "players" VALUES (816,'Sepp','van den Berg','2001-12-20',150,'Defender',22,41000000,850,'2022-06-30',28,64,66,84,33,5,0,0,NULL);
INSERT INTO "players" VALUES (817,'Pedro','Chirivella','1997-05-23',61,'Midfielder',22,21000000,18000,'2020-06-30',53,55,66,74,64,7,0,0,NULL);
INSERT INTO "players" VALUES (818,'James','Garner','2001-03-13',226,'Midfielder',24,38000000,7000,'2022-06-30',53,55,66,85,64,7,0,0,NULL);
INSERT INTO "players" VALUES (819,'Jack','Colback','1989-10-24',226,'Midfielder',25,7900000,10000,'2020-06-30',53,55,66,66,64,7,0,0,NULL);
INSERT INTO "players" VALUES (820,'David','Martin','1986-01-22',226,'Goalkeeper',37,6200000,14000,'2021-06-30',8,9,66,66,6,66,0,0,NULL);
INSERT INTO "players" VALUES (821,'Eldin','Jakupovic','1984-10-02',38,'Goalkeeper',21,6000000,14000,'2020-06-30',8,9,66,66,6,66,0,0,NULL);
INSERT INTO "players" VALUES (822,'Leonardo','Campana','2000-06-24',56,'Striker',38,44000000,13000,'2024-06-30',60,25,66,76,40,3,0,0,NULL);
INSERT INTO "players" VALUES (823,'Bright','Enobakhare','1998-05-18',148,'Midfielder',38,22000000,14000,'2021-06-30',47,52,66,74,66,3,0,0,NULL);
INSERT INTO "players" VALUES (824,'Mark','Travers','1999-05-18',91,'Goalkeeper',7,31000000,8000,'2021-06-30',3,7,66,78,8,66,0,0,NULL);
INSERT INTO "players" VALUES (825,'Curtis','Jones','2001-01-30',226,'Midfielder',22,56000000,6000,'2024-06-30',46,51,65,85,65,3,0,0,NULL);
INSERT INTO "players" VALUES (826,'Andrew','Lonergan','1983-10-19',226,'Goalkeeper',22,5100000,8000,'2020-06-30',3,7,65,65,8,65,0,0,NULL);
INSERT INTO "players" VALUES (827,'Tahith','Chong','1999-12-04',150,'Midfielder',24,32000000,12000,'2022-06-30',49,48,65,81,67,6,0,0,NULL);
INSERT INTO "players" VALUES (828,'Ethan','Laird','2001-08-05',226,'Defender',24,36000000,950,'2023-06-30',23,61,65,83,41,6,0,0,NULL);
INSERT INTO "players" VALUES (829,'Sam','McQueen','1995-02-06',226,'Defender',31,8400000,10000,'2021-06-30',23,61,65,69,41,6,0,0,NULL);
INSERT INTO "players" VALUES (830,'George','Hirst','1999-02-15',226,'Striker',21,37000000,14000,'2020-06-30',62,22,65,75,41,6,0,0,NULL);
INSERT INTO "players" VALUES (831,'Maximilian','Kilman','1997-05-23',226,'Defender',38,28000000,13000,'2022-06-30',23,61,65,78,41,6,0,0,NULL);
INSERT INTO "players" VALUES (832,'Enzo','Loiodice','2000-11-27',68,'Midfielder',38,56000000,6000,'2020-06-30',48,52,65,85,62,7,0,0,NULL);
INSERT INTO "players" VALUES (833,'Adam','Idah','2001-02-11',91,'Striker',26,41000000,5000,'2023-06-30',61,26,65,84,36,7,0,0,NULL);
INSERT INTO "players" VALUES (834,'Stephen','Henderson','1988-05-02',91,'Goalkeeper',11,5800000,9000,'2020-06-30',5,8,65,65,5,65,0,0,NULL);
INSERT INTO "players" VALUES (835,'Ellis','Simms','2001-01-05',226,'Striker',13,36000000,7000,'2021-06-30',60,26,64,82,36,7,0,0,NULL);
INSERT INTO "players" VALUES (836,'Neco','Williams','2001-04-13',228,'Defender',22,29000000,4000,'2022-06-30',22,64,64,82,36,7,0,0,NULL);
INSERT INTO "players" VALUES (837,'Harvey','Elliott','2003-04-04',226,'Striker',22,67000000,4000,'2022-06-30',60,26,64,87,36,7,0,0,NULL);
INSERT INTO "players" VALUES (838,'Dylan','Levitt','2000-11-17',228,'Midfielder',24,29000000,7000,'2022-06-30',50,48,64,82,62,3,0,0,NULL);
INSERT INTO "players" VALUES (839,'William','Smallbone','2000-02-21',91,'Midfielder',31,28000000,6000,'2021-06-30',50,48,64,80,62,3,0,0,NULL);
INSERT INTO "players" VALUES (840,'Troy','Parrott','2002-02-04',91,'Striker',32,63000000,4000,'2023-06-30',63,23,64,85,37,3,0,0,NULL);
INSERT INTO "players" VALUES (841,'Ricky','Holmes','1987-06-19',226,'Midfielder',30,5500000,8000,'2020-06-30',44,45,64,64,64,6,0,0,NULL);
INSERT INTO "players" VALUES (842,'Adam','Legzdins','1986-11-23',226,'Goalkeeper',9,4900000,6000,'2020-06-30',3,3,64,64,8,64,0,0,NULL);
INSERT INTO "players" VALUES (843,'Zechariah','Medley','2000-07-07',226,'Defender',1,25000000,4000,'2021-06-30',18,57,63,81,38,6,0,0,NULL);
INSERT INTO "players" VALUES (844,'Joao','Virginia','1999-10-10',167,'Goalkeeper',13,21000000,4000,'2021-06-30',3,3,63,76,8,63,0,0,NULL);
INSERT INTO "players" VALUES (845,'Felix','Nmecha','2000-10-10',226,'Midfielder',23,42000000,7000,'2021-06-30',52,49,63,83,58,7,0,0,NULL);
INSERT INTO "players" VALUES (846,'Ethan','Galbraith','2001-05-11',229,'Midfielder',24,25000000,5000,'2020-06-30',52,49,63,81,58,7,0,0,NULL);
INSERT INTO "players" VALUES (847,'Alfie','Whiteman','1998-10-02',226,'Goalkeeper',32,20000000,7000,'2022-06-30',9,6,63,74,4,63,0,0,NULL);
INSERT INTO "players" VALUES (848,'Jeremy','Ngakia','2000-09-07',226,'Defender',37,25000000,4000,'2021-06-30',26,61,63,80,33,7,0,0,NULL);
INSERT INTO "players" VALUES (849,'Meritan','Shabani','1999-03-15',50,'Midfielder',38,23000000,10000,'2022-06-30',52,49,63,76,58,7,0,0,NULL);
INSERT INTO "players" VALUES (850,'Philemon','Ofosu-Ayeh','1991-09-15',73,'Defender',38,5600000,12000,'2020-06-30',20,58,63,63,35,3,0,0,NULL);
INSERT INTO "players" VALUES (851,'Callum','Gribbin','1998-12-18',226,'Midfielder',30,23000000,5000,'2020-06-30',46,46,63,75,60,3,0,0,NULL);
INSERT INTO "players" VALUES (852,'Callum','Wheelan','1998-09-24',226,'Midfielder',35,23000000,7000,'2020-06-30',46,46,63,76,60,3,0,0,NULL);
INSERT INTO "players" VALUES (853,'Kyle','John','2001-02-13',226,'Defender',13,22000000,3000,'2021-06-30',20,57,62,75,35,3,0,0,NULL);
INSERT INTO "players" VALUES (854,'Manasse','Mampala','2000-07-18',226,'Striker',13,26000000,5000,'2020-06-30',57,20,62,76,35,3,0,0,NULL);
INSERT INTO "players" VALUES (855,'Ki-Jana','Hoever','2002-01-18',150,'Defender',22,38000000,550,'2022-06-30',18,61,62,84,40,5,0,0,NULL);
INSERT INTO "players" VALUES (856,'Alpha','Dionkou','2001-10-10',187,'Defender',23,23000000,700,'2020-06-30',18,61,62,80,40,5,0,0,NULL);
INSERT INTO "players" VALUES (857,'Thomas','Doyle','2001-10-17',226,'Midfielder',23,38000000,2000,'2021-06-30',43,49,62,85,64,5,0,0,NULL);
INSERT INTO "players" VALUES (858,'Adrian','Bernabe','2001-05-26',61,'Midfielder',23,22000000,6000,'2021-06-30',47,46,62,78,56,8,0,0,NULL);
INSERT INTO "players" VALUES (859,'Harry','Lewis','1997-12-20',226,'Goalkeeper',31,16000000,4000,'2020-06-30',6,5,62,74,3,62,0,0,NULL);
INSERT INTO "players" VALUES (860,'Darnell','Johnson','1998-09-03',226,'Defender',21,19000000,8000,'2021-06-30',22,58,62,75,32,8,0,0,NULL);
INSERT INTO "players" VALUES (861,'Bruno','Jordao','1998-10-12',167,'Midfielder',38,19000000,9000,'2024-06-30',50,43,62,75,57,3,0,0,NULL);
INSERT INTO "players" VALUES (862,'Armando','Broja','2001-09-10',6,'Striker',10,39000000,3000,'2022-06-30',61,18,61,84,32,3,0,0,NULL);
INSERT INTO "players" VALUES (863,'Anthony','Gordon','2001-02-24',226,'Striker',13,37000000,5000,'2023-06-30',61,18,61,82,32,3,0,0,NULL);
INSERT INTO "players" VALUES (864,'Ryan','Astley','2001-10-04',228,'Defender',13,32000000,500,'2021-06-30',25,54,61,82,32,3,0,0,NULL);
INSERT INTO "players" VALUES (865,'Caoimhin','Kelleher','1998-11-23',91,'Goalkeeper',22,15000000,6000,'2021-06-30',7,6,61,75,8,61,0,0,NULL);
INSERT INTO "players" VALUES (866,'DiShon','Bernard','2000-10-14',226,'Defender',24,18000000,4000,'2022-06-30',24,58,61,77,37,5,0,0,NULL);
INSERT INTO "players" VALUES (867,'Dan','NLundulu','1999-02-05',226,'Striker',31,20000000,7000,'2022-06-30',60,22,61,72,37,5,0,0,NULL);
INSERT INTO "players" VALUES (868,'Jacob','Maddox','1998-11-03',226,'Midfielder',31,16000000,6000,'2021-06-30',48,46,61,75,61,5,0,0,NULL);
INSERT INTO "players" VALUES (869,'Tariq','Hinds','2000-06-15',226,'Defender',32,17000000,6000,'2021-06-30',24,58,61,79,37,5,0,0,NULL);
INSERT INTO "players" VALUES (870,'Jake','Eastwood','1996-10-03',226,'Goalkeeper',30,8800000,3000,'2020-06-30',9,3,61,69,9,61,0,0,NULL);
INSERT INTO "players" VALUES (871,'Bayli','Spencer-Adams','2001-06-26',226,'Defender',35,18000000,2000,'2020-06-30',27,55,61,76,39,8,0,0,NULL);
INSERT INTO "players" VALUES (872,'Ali','Koiki','1999-08-22',226,'Defender',9,17000000,3000,'2020-06-30',27,55,61,73,39,8,0,0,NULL);
INSERT INTO "players" VALUES (873,'Kyle','Taylor','1999-08-28',226,'Midfielder',7,17000000,5000,'2022-06-30',51,43,61,74,63,8,0,0,NULL);
INSERT INTO "players" VALUES (874,'Folarin','Balogun','2001-07-03',226,'Striker',1,31000000,2000,'2022-06-30',63,19,60,81,39,8,0,0,NULL);
INSERT INTO "players" VALUES (875,'Indiana','Vassilev','2001-02-16',210,'Striker',2,18000000,3000,'2021-06-30',57,26,60,77,31,4,0,0,NULL);
INSERT INTO "players" VALUES (876,'Yasser','Larouci','2001-01-01',55,'Defender',22,15000000,3000,'2021-06-30',21,62,60,79,31,4,0,0,NULL);
INSERT INTO "players" VALUES (877,'Adam','Lewis','1999-11-08',226,'Defender',22,14000000,5000,'2020-06-30',21,62,60,77,31,4,0,0,NULL);
INSERT INTO "players" VALUES (878,'Paul','Glatzel','2001-02-20',50,'Striker',22,31000000,5000,'2023-06-30',57,26,60,80,31,4,0,0,NULL);
INSERT INTO "players" VALUES (879,'Taylor','Harwood-Bellis','2002-01-30',226,'Defender',23,26000000,600,'2021-06-30',21,62,60,83,31,4,0,0,NULL);
INSERT INTO "players" VALUES (880,'Liam','Gibson','1997-04-25',226,'Defender',25,8200000,5000,'2020-06-30',19,56,60,68,36,5,0,0,NULL);
INSERT INTO "players" VALUES (881,'Elias','Sorensen','1999-09-18',52,'Striker',25,17000000,4000,'2022-06-30',55,20,60,76,36,5,0,0,NULL);
INSERT INTO "players" VALUES (882,'Marcus','Barnes','1996-12-01',226,'Striker',31,10000000,7000,'2020-06-30',55,20,60,67,36,5,0,0,NULL);
INSERT INTO "players" VALUES (883,'Harvey','White','2001-09-19',226,'Defender',32,16000000,500,'2023-06-30',19,56,60,78,36,5,0,0,NULL);
INSERT INTO "players" VALUES (884,'Jamie','Bowden','2001-07-09',91,'Midfielder',32,26000000,500,'2023-06-30',43,44,60,80,60,5,0,0,NULL);
INSERT INTO "players" VALUES (885,'Khanya','Leshabela','1999-09-18',223,'Midfielder',21,14000000,6000,'2022-06-30',47,51,60,76,62,8,0,0,NULL);
INSERT INTO "players" VALUES (886,'Luke','Thomas','2001-06-10',226,'Defender',21,15000000,3000,'2021-06-30',23,63,60,79,38,8,0,0,NULL);
INSERT INTO "players" VALUES (887,'Callum','Wright','2000-05-02',226,'Midfielder',21,14000000,6000,'2021-06-30',47,51,60,75,62,8,0,0,NULL);
INSERT INTO "players" VALUES (888,'Sidnei','Tavares','2001-09-29',167,'Midfielder',21,16000000,1000,'2021-06-30',47,51,60,78,62,8,0,0,NULL);
INSERT INTO "players" VALUES (889,'Aidan','Fitzpatrick','2001-03-20',227,'Midfielder',26,15000000,2000,'2022-06-30',47,51,60,76,62,8,0,0,NULL);
INSERT INTO "players" VALUES (890,'Henry','Wise','2000-01-01',226,'Midfielder',35,14000000,5000,'2020-06-30',45,45,60,70,57,9,0,0,NULL);
INSERT INTO "players" VALUES (891,'Brandon','Pierrick','2001-12-10',226,'Midfielder',11,26000000,1000,'2022-06-30',45,45,60,82,57,9,0,0,NULL);
INSERT INTO "players" VALUES (892,'Nya','Kirby','2000-01-31',226,'Midfielder',11,14000000,4000,'2022-06-30',45,45,60,78,57,9,0,0,NULL);
INSERT INTO "players" VALUES (893,'David','Boateng','2001-05-08',226,'Midfielder',11,15000000,2000,'2020-06-30',45,45,60,77,57,9,0,0,NULL);
INSERT INTO "players" VALUES (894,'Tariq','Lamptey','2000-09-30',226,'Defender',8,15000000,2000,'2023-06-30',21,57,60,78,33,9,0,0,NULL);
INSERT INTO "players" VALUES (895,'Jack','Wakely','2000-10-25',226,'Defender',10,12000000,3000,'2020-06-30',24,53,59,77,33,5,0,0,NULL);
INSERT INTO "players" VALUES (896,'Matthew','Foulds','1998-02-01',226,'Defender',13,10000000,7000,'2020-06-30',24,53,59,70,33,5,0,0,NULL);
INSERT INTO "players" VALUES (897,'Gavin','Bazunu','2002-02-20',91,'Goalkeeper',23,19000000,500,'2023-06-30',8,3,59,82,6,59,0,0,NULL);
INSERT INTO "players" VALUES (898,'Jamie','Sterry','1995-11-21',226,'Defender',25,6300000,5000,'2020-06-30',24,53,59,66,33,5,0,0,NULL);
INSERT INTO "players" VALUES (899,'Kornelius','Hansen','2001-05-06',151,'Midfielder',31,12000000,3000,'2020-06-30',41,48,59,72,59,8,0,0,NULL);
INSERT INTO "players" VALUES (900,'Pascal','Kpohomouh','2001-09-24',226,'Defender',31,13000000,500,'2021-06-30',17,60,59,72,35,8,0,0,NULL);
INSERT INTO "players" VALUES (901,'Malachi','Faga-Walcott','2002-03-11',226,'Defender',32,21000000,500,'2021-06-30',17,60,59,82,35,8,0,0,NULL);
INSERT INTO "players" VALUES (902,'JNeil','Lloyd-Bennett','2001-12-07',226,'Midfielder',32,21000000,1000,'2020-06-30',41,48,59,80,59,8,0,0,NULL);
INSERT INTO "players" VALUES (903,'Rodel','Richards','2000-09-05',226,'Striker',32,15000000,5000,'2020-06-30',53,24,59,75,35,8,0,0,NULL);
INSERT INTO "players" VALUES (904,'Benjamin','Johnson','2000-01-24',226,'Defender',37,12000000,5000,'2022-06-30',26,54,59,75,30,3,0,0,NULL);
INSERT INTO "players" VALUES (905,'Oladapo','Afolayan','1997-09-11',226,'Striker',37,13000000,8000,'2021-06-30',62,18,59,69,30,3,0,0,NULL);
INSERT INTO "players" VALUES (906,'Calvin','Ughelumba','1999-12-31',226,'Defender',21,12000000,5000,'2020-06-30',26,54,59,72,30,3,0,0,NULL);
INSERT INTO "players" VALUES (907,'Chem','Campbell','2002-12-30',228,'Midfielder',38,23000000,1000,'2022-06-30',50,42,59,80,54,3,0,0,NULL);
INSERT INTO "players" VALUES (908,'Oskar','Rasmussen','1998-03-31',52,'Defender',38,15000000,7000,'2023-06-30',29,63,69,69,35,3,0,0,NULL);
INSERT INTO "players" VALUES (909,'Ming-Yang','Yang','1995-07-11',38,'Midfielder',38,3200000,9000,'2020-06-30',43,49,59,63,56,6,0,0,NULL);
INSERT INTO "players" VALUES (910,'Gassan','Ahadme','2000-11-17',123,'Striker',26,15000000,3000,'2020-06-30',55,25,59,76,32,6,0,0,NULL);
INSERT INTO "players" VALUES (911,'Joel','Mumbongo','1999-01-09',179,'Striker',9,8900000,4000,'2021-06-30',55,25,59,68,32,6,0,0,NULL);
INSERT INTO "players" VALUES (912,'Tyrick','Mitchell','1999-09-01',226,'Defender',11,12000000,4000,'2021-06-30',19,61,59,72,32,6,0,0,NULL);
INSERT INTO "players" VALUES (913,'Luke','Dreher','1998-11-27',226,'Midfielder',11,11000000,6000,'2021-06-30',43,49,59,72,56,6,0,0,NULL);
INSERT INTO "players" VALUES (914,'Romaric','Yapi','2000-07-13',68,'Defender',8,12000000,2000,'2020-06-30',23,57,59,76,34,8,0,0,NULL);
INSERT INTO "players" VALUES (915,'Gavin','Kilkenny','2000-02-01',91,'Midfielder',7,12000000,5000,'2020-06-30',47,45,59,74,58,8,0,0,NULL);
INSERT INTO "players" VALUES (916,'Christian','Saydee','2002-05-10',226,'Striker',7,16000000,2000,'2020-06-30',59,21,59,75,34,8,0,0,NULL);
INSERT INTO "players" VALUES (917,'Corey','Jordan','1999-03-04',226,'Defender',7,11000000,6000,'2020-06-30',23,57,59,71,34,8,0,0,NULL);
INSERT INTO "players" VALUES (918,'Tyler','Cordner','1998-12-04',226,'Defender',7,11000000,6000,'2020-06-30',23,57,59,71,34,8,0,0,NULL);
INSERT INTO "players" VALUES (919,'Nathan','Tormey','2000-05-25',226,'Midfielder',1,9100000,6000,'2020-06-30',44,48,58,72,52,3,0,0,NULL);
INSERT INTO "players" VALUES (920,'Faustino','Anjorin','2001-11-23',226,'Midfielder',10,17000000,2000,'2021-06-30',44,48,58,80,52,3,0,0,NULL);
INSERT INTO "players" VALUES (921,'Ian','Maatsen','2002-03-10',150,'Defender',10,17000000,550,'2021-06-30',21,60,58,80,29,3,0,0,NULL);
INSERT INTO "players" VALUES (922,'Dennis','Adeniran','1999-01-02',226,'Midfielder',13,8600000,8000,'2021-06-30',44,48,58,70,52,3,0,0,NULL);
INSERT INTO "players" VALUES (923,'Daniel','Grimshaw','1998-01-16',226,'Goalkeeper',23,7300000,7000,'2021-06-30',6,9,58,70,3,58,0,0,NULL);
INSERT INTO "players" VALUES (924,'Brooklyn','Lyons-Foster','2000-12-01',226,'Defender',32,16000000,3000,'2020-06-30',21,60,58,78,29,3,0,0,NULL);
INSERT INTO "players" VALUES (925,'Mesaque','Dju','1999-03-18',167,'Midfielder',37,8600000,8000,'2022-06-30',48,45,58,71,53,6,0,0,NULL);
INSERT INTO "players" VALUES (926,'Archie','Mair','2001-02-10',227,'Goalkeeper',26,8500000,600,'2023-06-30',8,7,58,76,4,58,0,0,NULL);
INSERT INTO "players" VALUES (927,'Thomas','Dickson-Peters','2002-09-16',227,'Striker',26,13000000,2000,'2021-06-30',60,22,58,73,30,6,0,0,NULL);
INSERT INTO "players" VALUES (928,'Josh','Martin','2001-09-09',226,'Midfielder',26,10000000,900,'2020-06-30',48,45,58,74,53,6,0,0,NULL);
INSERT INTO "players" VALUES (929,'Joseph','Hungbo','2000-01-15',226,'Midfielder',35,9100000,5000,'2020-06-30',46,49,58,74,58,7,0,0,NULL);
INSERT INTO "players" VALUES (930,'Kian','Flanagan','1999-08-29',91,'Midfielder',11,9100000,4000,'2020-06-30',46,49,58,74,58,7,0,0,NULL);
INSERT INTO "players" VALUES (931,'Brandon','Aveiro','2001-09-03',167,'Striker',11,12000000,2000,'2020-06-30',58,26,58,77,35,7,0,0,NULL);
INSERT INTO "players" VALUES (932,'Taylor','Richards','2000-12-04',226,'Midfielder',8,9600000,2000,'2022-06-30',40,46,58,76,60,3,0,0,NULL);
INSERT INTO "players" VALUES (933,'Peter','Gwargis','2000-09-04',179,'Midfielder',8,9600000,2000,'2021-06-30',40,46,58,73,60,3,0,0,NULL);
INSERT INTO "players" VALUES (934,'Trae','Coyle','2001-01-11',226,'Striker',1,9000000,4000,'2021-06-30',55,20,57,75,28,6,0,0,NULL);
INSERT INTO "players" VALUES (935,'Harrison','Clarke','2001-03-02',226,'Defender',1,7400000,3000,'2021-06-30',21,54,57,76,28,6,0,0,NULL);
INSERT INTO "players" VALUES (936,'Tolaji','Bola','1999-01-04',226,'Defender',1,6600000,7000,'2020-06-30',19,58,57,70,33,7,0,0,NULL);
INSERT INTO "players" VALUES (937,'Jamie','Cumming','1999-09-04',226,'Goalkeeper',10,6200000,4000,'2021-06-30',7,6,57,72,7,57,0,0,NULL);
INSERT INTO "players" VALUES (938,'Jonathan','Russell','2000-10-09',226,'Midfielder',10,7400000,4000,'2020-06-30',44,43,57,71,58,3,0,0,NULL);
INSERT INTO "players" VALUES (939,'Jarrad','Branthwaite','2002-06-27',226,'Defender',13,13000000,500,'2022-06-30',26,52,57,80,36,6,0,0,NULL);
INSERT INTO "players" VALUES (940,'Iker','Pozo','2000-08-06',61,'Midfielder',23,7400000,4000,'2020-06-30',48,40,57,76,59,6,0,0,NULL);
INSERT INTO "players" VALUES (941,'Jake','Vokins','2000-03-17',226,'Defender',31,7000000,4000,'2021-06-30',26,52,57,73,36,6,0,0,NULL);
INSERT INTO "players" VALUES (942,'Harlem','Hale','2000-02-04',226,'Striker',31,5700000,5000,'2020-06-30',58,22,57,65,31,8,0,0,NULL);
INSERT INTO "players" VALUES (943,'Andreas','Sondergaard','2001-01-17',52,'Goalkeeper',38,6500000,900,'2021-06-30',8,7,57,75,5,57,0,0,NULL);
INSERT INTO "players" VALUES (944,'Raphael','Nya','2000-06-16',68,'Defender',38,12000000,5000,'2022-06-30',18,53,57,77,33,4,0,0,NULL);
INSERT INTO "players" VALUES (945,'Rob','Nizet','2002-04-14',19,'Defender',26,7800000,500,'2022-06-30',18,53,57,75,33,4,0,0,NULL);
INSERT INTO "players" VALUES (946,'Daniel','Adshead','2001-09-01',226,'Midfielder',26,7800000,900,'2023-06-30',40,41,57,76,56,4,0,0,NULL);
INSERT INTO "players" VALUES (947,'Ayotomiwa','Dele-Bashiru','1999-09-17',148,'Midfielder',35,7000000,5000,'2024-06-30',40,41,57,74,56,4,0,0,NULL);
INSERT INTO "players" VALUES (948,'Lewis','Bryon','1999-09-13',226,'Defender',11,7000000,4000,'2020-06-30',26,57,57,70,28,5,0,0,NULL);
INSERT INTO "players" VALUES (949,'Warren','OHora','1999-04-19',91,'Defender',8,6600000,4000,'2020-06-30',26,57,57,72,28,5,0,0,NULL);
INSERT INTO "players" VALUES (950,'Dominic','Revan','2000-09-19',226,'Defender',2,5400000,2000,'2020-06-30',25,56,56,73,28,5,0,0,NULL);
INSERT INTO "players" VALUES (951,'Marcel','Lavinier','2000-12-16',226,'Defender',10,5400000,3000,'2020-06-30',19,53,56,70,30,8,0,0,NULL);
INSERT INTO "players" VALUES (952,'Kameron','Ledwidge','2001-04-07',91,'Defender',31,5400000,2000,'2021-06-30',19,53,56,70,30,8,0,0,NULL);
INSERT INTO "players" VALUES (953,'Olatunji','Akinola','1998-11-21',226,'Defender',37,4900000,7000,'2020-06-30',19,53,56,66,30,8,0,0,NULL);
INSERT INTO "players" VALUES (954,'Taylor','Perry','2001-07-15',226,'Midfielder',38,9500000,1000,'2020-06-30',42,42,56,76,52,8,0,0,NULL);
INSERT INTO "players" VALUES (955,'Thomas','Scully','1999-10-01',226,'Midfielder',26,5100000,4000,'2020-06-30',42,42,56,71,52,8,0,0,NULL);
INSERT INTO "players" VALUES (956,'Mace','Goodridge','1999-09-13',226,'Midfielder',9,3400000,3000,'2020-06-30',46,39,56,64,54,4,0,0,NULL);
INSERT INTO "players" VALUES (957,'Sean','Robertson','2001-06-06',226,'Midfielder',11,5400000,3000,'2021-06-30',46,39,56,73,54,4,0,0,NULL);
INSERT INTO "players" VALUES (958,'Jacob','Mensah','2000-07-18',73,'Defender',11,3600000,2000,'2021-06-30',23,50,56,65,32,4,0,0,NULL);
INSERT INTO "players" VALUES (959,'Nathan','Tella','1999-07-05',226,'Striker',31,4100000,5000,'2020-06-30',56,16,55,68,31,4,0,0,NULL);
INSERT INTO "players" VALUES (960,'Joseph','Anang','2000-06-08',226,'Goalkeeper',37,3200000,3000,'2021-06-30',7,3,55,70,5,55,0,0,NULL);
INSERT INTO "players" VALUES (961,'Saul','Milovanovic','2000-09-08',226,'Midfielder',26,3700000,2000,'2021-06-30',43,42,55,70,58,5,0,0,NULL);
INSERT INTO "players" VALUES (962,'Henri','Ogunby','2001-01-28',226,'Striker',9,4600000,2000,'2020-06-30',54,20,55,73,36,5,0,0,NULL);
INSERT INTO "players" VALUES (963,'Joel','Senior','1999-06-24',226,'Defender',9,3400000,3000,'2020-06-30',21,53,55,65,36,5,0,0,NULL);
INSERT INTO "players" VALUES (964,'Nikola','Tavares','1999-01-17',87,'Defender',11,3400000,5000,'2020-06-30',24,50,55,68,27,8,0,0,NULL);
INSERT INTO "players" VALUES (965,'Ryan','Longman','2000-11-06',226,'Midfielder',8,3700000,2000,'2020-06-30',40,46,55,73,51,4,0,0,NULL);
INSERT INTO "players" VALUES (966,'Jack','Clarke','1999-01-30',91,'Midfielder',2,2200000,5000,'2020-06-30',37,39,54,67,55,5,0,0,NULL);
INSERT INTO "players" VALUES (967,'Collins','Tanor','1998-01-04',73,'Midfielder',23,2100000,10000,'2020-06-30',37,39,54,65,55,5,0,0,NULL);
INSERT INTO "players" VALUES (968,'Lewis','Richards','2001-10-15',91,'Defender',38,4200000,500,'2021-06-30',16,50,54,75,34,5,0,0,NULL);
INSERT INTO "players" VALUES (969,'Luke','Cundle','2002-04-26',226,'Midfielder',38,4200000,1000,'2021-06-30',37,39,54,76,55,5,0,0,NULL);
INSERT INTO "players" VALUES (970,'Jordan','Thomas','2001-01-02',226,'Defender',26,2400000,2000,'2020-06-30',20,57,54,70,36,8,0,0,NULL);
INSERT INTO "players" VALUES (971,'Keenan','Ferguson','2000-06-28',226,'Defender',30,2300000,2000,'2020-06-30',20,57,54,72,36,8,0,0,NULL);
INSERT INTO "players" VALUES (972,'George','McMahon','2000-06-16',226,'Goalkeeper',9,2000000,2000,'2020-06-30',6,9,54,69,9,54,0,0,NULL);
INSERT INTO "players" VALUES (973,'Alexander','Cochrane','2000-04-21',226,'Defender',8,2300000,3000,'2021-06-30',20,57,54,68,36,8,0,0,NULL);
INSERT INTO "players" VALUES (974,'Michael','Tait','2001-01-29',226,'Striker',2,1700000,3000,'2021-06-30',51,24,53,70,35,8,0,0,NULL);
INSERT INTO "players" VALUES (975,'Bernardo','Rosa','2000-09-20',28,'Midfielder',37,1400000,3000,'2020-06-30',39,40,53,69,51,3,0,0,NULL);
INSERT INTO "players" VALUES (976,'Kyron','Gordon','2002-05-24',226,'Defender',30,1400000,500,'2020-06-30',17,50,53,71,30,3,0,0,NULL);
INSERT INTO "players" VALUES (977,'Isaiah','Bazeley-Graham','2000-02-03',226,'Defender',2,570000,4000,'2020-06-30',17,49,52,64,30,3,0,0,NULL);
INSERT INTO "players" VALUES (978,'Callum','Rowe','1999-09-02',226,'Midfielder',2,570000,4000,'2020-06-30',38,39,52,66,50,3,0,0,NULL);
INSERT INTO "players" VALUES (979,'Jack','Birch','2000-11-23',226,'Midfielder',2,1000000,3000,'2022-06-30',42,36,52,72,52,6,0,0,NULL);
INSERT INTO "players" VALUES (980,'Aaron','ODriscoll','1999-04-04',91,'Defender',31,540000,5000,'2020-06-30',15,53,52,67,33,9,0,0,NULL);
INSERT INTO "players" VALUES (981,'Reece','York','2000-04-17',226,'Midfielder',30,570000,3000,'2020-06-30',44,37,52,68,48,3,0,0,NULL);
INSERT INTO "players" VALUES (982,'Adam','Parkes','1999-11-30',226,'Goalkeeper',35,510000,2000,'2020-06-30',8,3,52,66,4,52,0,0,NULL);
INSERT INTO "players" VALUES (983,'Jordan','Cropper','2000-05-12',226,'Defender',9,570000,2000,'2021-06-30',23,47,52,64,28,3,0,0,NULL);
INSERT INTO "players" VALUES (984,'Jordan','Davies','1998-08-18',228,'Midfielder',8,360000,5000,'2020-06-30',44,37,52,61,48,3,0,0,NULL);
INSERT INTO "players" VALUES (985,'Jake','Young','2001-07-22',226,'Striker',30,190000,1000,'2021-06-30',47,23,51,65,29,6,0,0,NULL);
INSERT INTO "club" VALUES (1,'Arsenal',1,74.0,74000000.0,110242.0,'Mikel Arteta',0,0,0,0,0,0,0);
INSERT INTO "club" VALUES (2,'Aston Villa',1,70.0,37500000.0,62242.0,'Dean Smith',0,0,0,0,0,0,0);
INSERT INTO "club" VALUES (3,'Bayer Leverkusen',2,80.0,39000000.0,119000.0,'Peter Bosz',0,0,0,0,0,0,0);
INSERT INTO "club" VALUES (4,'Bayern Munich',2,83.0,100000000.0,230800.0,'Hans-Dieter Flick',0,0,0,0,0,0,0);
INSERT INTO "club" VALUES (5,'Borussia Dortmund',2,82.0,60000000.0,151158.0,'Lucien Favre',0,0,0,0,0,0,0);
INSERT INTO "club" VALUES (6,'Borussia Monchengladbach',2,79.0,25000000.0,60222.0,'Marco Rose',0,0,0,0,0,0,0);
INSERT INTO "club" VALUES (7,'Bournemouth',1,72.0,36500000.0,72242.0,'Eddie Howe',0,0,0,0,0,0,0);
INSERT INTO "club" VALUES (8,'Brighton & Hove Albion',1,70.0,32000000.0,55091.0,'Graham Potter',0,0,0,0,0,0,0);
INSERT INTO "club" VALUES (9,'Burnley',1,71.0,25000000.0,46188.0,'Sean Dyche',0,0,0,0,0,0,0);
INSERT INTO "club" VALUES (10,'Chelsea',1,75.0,91000000.0,149064.0,'Frank Lampard',0,0,0,0,0,0,0);
INSERT INTO "club" VALUES (11,'Crystal Palace',1,70.0,34500000.0,63939.0,'Roy Hodgson',0,0,0,0,0,0,0);
INSERT INTO "club" VALUES (12,'Eintracht Frankfurt',2,77.0,25000000.0,63111.0,'Addi Hutter',0,0,0,0,0,0,0);
INSERT INTO "club" VALUES (13,'Everton',1,72.0,51000000.0,93455.0,'Carlo Ancelotti',0,0,0,0,0,0,0);
INSERT INTO "club" VALUES (14,'FC Augsburg',2,75.0,9500000.0,37333.0,'Heiko Herzlich',0,0,0,0,0,0,0);
INSERT INTO "club" VALUES (15,'FC Koln',2,74.0,12500000.0,40889.0,'Markus Gisdol',0,0,0,0,0,0,0);
INSERT INTO "club" VALUES (16,'FC Schalke 04',2,74.0,42000000.0,41000.0,'David Wagner',0,0,0,0,0,0,0);
INSERT INTO "club" VALUES (17,'FC Union Berlin',2,72.0,7500000.0,49778.0,'Urs Fischer',0,0,0,0,0,0,0);
INSERT INTO "club" VALUES (18,'Fortuna Dusseldorf',2,73.0,7500000.0,40778.0,'Uwe Rosler',0,0,0,0,0,0,0);
INSERT INTO "club" VALUES (19,'FSV Mainz',2,73.0,9200000.0,38778.0,'Achim Beierlorzer',0,0,0,0,0,0,0);
INSERT INTO "club" VALUES (20,'Hertha BSC',2,76.0,12000000.0,44778.0,'Bruno Labadia',0,0,0,0,0,0,0);
INSERT INTO "club" VALUES (21,'Leicester City',1,73.0,45000000.0,101515.0,'Brendan Rodgers',0,0,0,0,0,0,0);
INSERT INTO "club" VALUES (22,'Liverpool',1,76.0,103000000.0,172448.0,'Jurgen Klopp',0,0,0,0,0,0,0);
INSERT INTO "club" VALUES (23,'Manchester City',1,76.0,176000000.0,226715.0,'Josep Guardiola',0,0,0,0,0,0,0);
INSERT INTO "club" VALUES (24,'Manchester United',1,76.0,177000000.0,153573.0,'Ole Gunnar Solskjaer',0,0,0,0,0,0,0);
INSERT INTO "club" VALUES (25,'Newcastle United',1,74.0,25500000.0,59879.0,'Steve Bruce',0,0,0,0,0,0,0);
INSERT INTO "club" VALUES (26,'Norwich City',1,68.0,25000000.0,44115.0,'Daniel Farke',0,0,0,0,0,0,0);
INSERT INTO "club" VALUES (27,'RB Leipzig',2,79.0,50000000.0,97444.0,'Julian Nagelsmann',0,0,0,0,0,0,0);
INSERT INTO "club" VALUES (28,'SC Freiburg',2,73.0,10500000.0,36667.0,'Christian Streich',0,0,0,0,0,0,0);
INSERT INTO "club" VALUES (29,'SC Paderborn 07',2,70.0,5000000.0,22000.0,'Steffen Baumgart',0,0,0,0,0,0,0);
INSERT INTO "club" VALUES (30,'Sheffield United',1,70.0,18000000.0,40030.0,'Chris Wilder',0,0,0,0,0,0,0);
INSERT INTO "club" VALUES (31,'Southampton',1,69.0,35000000.0,52394.0,'Ralph Hasenhuttl',0,0,0,0,0,0,0);
INSERT INTO "club" VALUES (32,'Tottenham Hotspur',1,74.0,76000000.0,128576.0,'Jose Mourinho',0,0,0,0,0,0,0);
INSERT INTO "club" VALUES (33,'TSG 1899 Hoffenheim',2,75.0,28000000.0,53444.0,'Alfred Schreuder',0,0,0,0,0,0,0);
INSERT INTO "club" VALUES (34,'VFL Wolfsburg',2,77.0,40000000.0,81556.0,'Oliver Glasner',0,0,0,0,0,0,0);
INSERT INTO "club" VALUES (35,'Watford',1,72.0,38500000.0,78242.0,'Nigel Pearson',0,0,0,0,0,0,0);
INSERT INTO "club" VALUES (36,'Werder Bremen',2,76.0,12000000.0,50222.0,'Florian Kohfeldt',0,0,0,0,0,0,0);
INSERT INTO "club" VALUES (37,'West Ham United',1,72.0,51500000.0,97394.0,'David Moyes',0,0,0,0,0,0,0);
INSERT INTO "club" VALUES (38,'Wolverhampton Wanderers',1,70.0,42000000.0,81088.0,'Nuno Espirito Santo',0,0,0,0,0,0,0);
INSERT INTO "country" VALUES (1,'Andorra','AD','AND',20);
INSERT INTO "country" VALUES (2,'United Arab Emirates','AE','ARE',784);
INSERT INTO "country" VALUES (3,'Afghanistan','AF','AFG',4);
INSERT INTO "country" VALUES (4,'Antigua and Barbuda','AG','ATG',28);
INSERT INTO "country" VALUES (5,'Anguilla','AI','AIA',660);
INSERT INTO "country" VALUES (6,'Albania','AL','ALB',8);
INSERT INTO "country" VALUES (7,'Armenia','AM','ARM',51);
INSERT INTO "country" VALUES (8,'Netherlands Antilles','AN','ANT',530);
INSERT INTO "country" VALUES (9,'Angola','AO','AGO',24);
INSERT INTO "country" VALUES (10,'Argentina','AR','ARG',32);
INSERT INTO "country" VALUES (11,'American Samoa','AS','ASM',16);
INSERT INTO "country" VALUES (12,'Austria','AT','AUT',40);
INSERT INTO "country" VALUES (13,'Australia','AU','AUS',36);
INSERT INTO "country" VALUES (14,'Aruba','AW','ABW',533);
INSERT INTO "country" VALUES (15,'Azerbaijan','AZ','AZE',31);
INSERT INTO "country" VALUES (16,'Bosnia and Herzegovina','BA','BIH',70);
INSERT INTO "country" VALUES (17,'Barbados','BB','BRB',52);
INSERT INTO "country" VALUES (18,'Bangladesh','BD','BGD',50);
INSERT INTO "country" VALUES (19,'Belgium','BE','BEL',56);
INSERT INTO "country" VALUES (20,'Burkina Faso','BF','BFA',854);
INSERT INTO "country" VALUES (21,'Bulgaria','BG','BGR',100);
INSERT INTO "country" VALUES (22,'Bahrain','BH','BHR',48);
INSERT INTO "country" VALUES (23,'Burundi','BI','BDI',108);
INSERT INTO "country" VALUES (24,'Benin','BJ','BEN',204);
INSERT INTO "country" VALUES (25,'Bermuda','BM','BMU',60);
INSERT INTO "country" VALUES (26,'Brunei Darussalam','BN','BRN',96);
INSERT INTO "country" VALUES (27,'Bolivia','BO','BOL',68);
INSERT INTO "country" VALUES (28,'Brazil','BR','BRA',76);
INSERT INTO "country" VALUES (29,'Bahamas','BS','BHS',44);
INSERT INTO "country" VALUES (30,'Bhutan','BT','BTN',64);
INSERT INTO "country" VALUES (31,'Botswana','BW','BWA',72);
INSERT INTO "country" VALUES (32,'Belarus','BY','BLR',112);
INSERT INTO "country" VALUES (33,'Belize','BZ','BLZ',84);
INSERT INTO "country" VALUES (34,'Canada','CA','CAN',124);
INSERT INTO "country" VALUES (35,'Democratic Republic of the Congo','CD','COD',180);
INSERT INTO "country" VALUES (36,'Central African Republic','CF','CAF',140);
INSERT INTO "country" VALUES (37,'Congo','CG','COG',178);
INSERT INTO "country" VALUES (38,'Switzerland','CH','CHE',756);
INSERT INTO "country" VALUES (39,'Cote D''Ivoire','CI','CIV',384);
INSERT INTO "country" VALUES (40,'Cook Islands','CK','COK',184);
INSERT INTO "country" VALUES (41,'Chile','CL','CHL',152);
INSERT INTO "country" VALUES (42,'Cameroon','CM','CMR',120);
INSERT INTO "country" VALUES (43,'China','CN','CHN',156);
INSERT INTO "country" VALUES (44,'Colombia','CO','COL',170);
INSERT INTO "country" VALUES (45,'Costa Rica','CR','CRI',188);
INSERT INTO "country" VALUES (46,'Cuba','CU','CUB',192);
INSERT INTO "country" VALUES (47,'Cape Verde','CV','CPV',132);
INSERT INTO "country" VALUES (48,'Cyprus','CY','CYP',196);
INSERT INTO "country" VALUES (49,'Czech Republic','CZ','CZE',203);
INSERT INTO "country" VALUES (50,'Germany','DE','DEU',276);
INSERT INTO "country" VALUES (51,'Djibouti','DJ','DJI',262);
INSERT INTO "country" VALUES (52,'Denmark','DK','DNK',208);
INSERT INTO "country" VALUES (53,'Dominica','DM','DMA',212);
INSERT INTO "country" VALUES (54,'Dominican Republic','DO','DOM',214);
INSERT INTO "country" VALUES (55,'Algeria','DZ','DZA',12);
INSERT INTO "country" VALUES (56,'Ecuador','EC','ECU',218);
INSERT INTO "country" VALUES (57,'Estonia','EE','EST',233);
INSERT INTO "country" VALUES (58,'Egypt','EG','EGY',818);
INSERT INTO "country" VALUES (59,'Western Sahara','EH','ESH',732);
INSERT INTO "country" VALUES (60,'Eritrea','ER','ERI',232);
INSERT INTO "country" VALUES (61,'Spain','ES','ESP',724);
INSERT INTO "country" VALUES (62,'Ethiopia','ET','ETH',231);
INSERT INTO "country" VALUES (63,'Finland','FI','FIN',246);
INSERT INTO "country" VALUES (64,'Fiji','FJ','FJI',242);
INSERT INTO "country" VALUES (65,'Falkland Islands (Malvinas)','FK','FLK',238);
INSERT INTO "country" VALUES (66,'Micronesia, Federated States of','FM','FSM',583);
INSERT INTO "country" VALUES (67,'Faroe Islands','FO','FRO',234);
INSERT INTO "country" VALUES (68,'France','FR','FRA',250);
INSERT INTO "country" VALUES (69,'Gabon','GA','GAB',266);
INSERT INTO "country" VALUES (70,'Grenada','GD','GRD',308);
INSERT INTO "country" VALUES (71,'Georgia','GE','GEO',268);
INSERT INTO "country" VALUES (72,'French Guiana','GF','GUF',254);
INSERT INTO "country" VALUES (73,'Ghana','GH','GHA',288);
INSERT INTO "country" VALUES (74,'Gibraltar','GI','GIB',292);
INSERT INTO "country" VALUES (75,'Greenland','GL','GRL',304);
INSERT INTO "country" VALUES (76,'Gambia','GM','GMB',270);
INSERT INTO "country" VALUES (77,'Guinea','GN','GIN',324);
INSERT INTO "country" VALUES (78,'Guadeloupe','GP','GLP',312);
INSERT INTO "country" VALUES (79,'Equatorial Guinea','GQ','GNQ',226);
INSERT INTO "country" VALUES (80,'Greece','GR','GRC',300);
INSERT INTO "country" VALUES (81,'Guatemala','GT','GTM',320);
INSERT INTO "country" VALUES (82,'Guam','GU','GUM',316);
INSERT INTO "country" VALUES (83,'Guinea-Bissau','GW','GNB',624);
INSERT INTO "country" VALUES (84,'Guyana','GY','GUY',328);
INSERT INTO "country" VALUES (85,'Hong Kong','HK','HKG',344);
INSERT INTO "country" VALUES (86,'Honduras','HN','HND',340);
INSERT INTO "country" VALUES (87,'Croatia','HR','HRV',191);
INSERT INTO "country" VALUES (88,'Haiti','HT','HTI',332);
INSERT INTO "country" VALUES (89,'Hungary','HU','HUN',348);
INSERT INTO "country" VALUES (90,'Indonesia','ID','IDN',360);
INSERT INTO "country" VALUES (91,'Ireland','IE','IRL',372);
INSERT INTO "country" VALUES (92,'Israel','IL','ISR',376);
INSERT INTO "country" VALUES (93,'India','IN','IND',356);
INSERT INTO "country" VALUES (94,'Iraq','IQ','IRQ',368);
INSERT INTO "country" VALUES (95,'Iran, Islamic Republic of','IR','IRN',364);
INSERT INTO "country" VALUES (96,'Iceland','IS','ISL',352);
INSERT INTO "country" VALUES (97,'Italy','IT','ITA',380);
INSERT INTO "country" VALUES (98,'Jamaica','JM','JAM',388);
INSERT INTO "country" VALUES (99,'Jordan','JO','JOR',400);
INSERT INTO "country" VALUES (100,'Japan','JP','JPN',392);
INSERT INTO "country" VALUES (101,'Kenya','KE','KEN',404);
INSERT INTO "country" VALUES (102,'Kyrgyzstan','KG','KGZ',417);
INSERT INTO "country" VALUES (103,'Cambodia','KH','KHM',116);
INSERT INTO "country" VALUES (104,'Kiribati','KI','KIR',296);
INSERT INTO "country" VALUES (105,'Comoros','KM','COM',174);
INSERT INTO "country" VALUES (106,'Saint Kitts and Nevis','KN','KNA',659);
INSERT INTO "country" VALUES (107,'North Korea','KP','PRK',408);
INSERT INTO "country" VALUES (108,'South Korea','KR','KOR',410);
INSERT INTO "country" VALUES (109,'Kuwait','KW','KWT',414);
INSERT INTO "country" VALUES (110,'Cayman Islands','KY','CYM',136);
INSERT INTO "country" VALUES (111,'Kazakhstan','KZ','KAZ',398);
INSERT INTO "country" VALUES (112,'Lao People''s Democratic Republic','LA','LAO',418);
INSERT INTO "country" VALUES (113,'Lebanon','LB','LBN',422);
INSERT INTO "country" VALUES (114,'Saint Lucia','LC','LCA',662);
INSERT INTO "country" VALUES (115,'Liechtenstein','LI','LIE',438);
INSERT INTO "country" VALUES (116,'Sri Lanka','LK','LKA',144);
INSERT INTO "country" VALUES (117,'Liberia','LR','LBR',430);
INSERT INTO "country" VALUES (118,'Lesotho','LS','LSO',426);
INSERT INTO "country" VALUES (119,'Lithuania','LT','LTU',440);
INSERT INTO "country" VALUES (120,'Luxembourg','LU','LUX',442);
INSERT INTO "country" VALUES (121,'Latvia','LV','LVA',428);
INSERT INTO "country" VALUES (122,'Libyan Arab Jamahiriya','LY','LBY',434);
INSERT INTO "country" VALUES (123,'Morocco','MA','MAR',504);
INSERT INTO "country" VALUES (124,'Monaco','MC','MCO',492);
INSERT INTO "country" VALUES (125,'Moldova, Republic of','MD','MDA',498);
INSERT INTO "country" VALUES (126,'Madagascar','MG','MDG',450);
INSERT INTO "country" VALUES (127,'Marshall Islands','MH','MHL',584);
INSERT INTO "country" VALUES (128,'Macedonia, the Former Yugoslav Republic of','MK','MKD',807);
INSERT INTO "country" VALUES (129,'Mali','ML','MLI',466);
INSERT INTO "country" VALUES (130,'Myanmar','MM','MMR',104);
INSERT INTO "country" VALUES (131,'Mongolia','MN','MNG',496);
INSERT INTO "country" VALUES (132,'Macao','MO','MAC',446);
INSERT INTO "country" VALUES (133,'Northern Mariana Islands','MP','MNP',580);
INSERT INTO "country" VALUES (134,'Martinique','MQ','MTQ',474);
INSERT INTO "country" VALUES (135,'Mauritania','MR','MRT',478);
INSERT INTO "country" VALUES (136,'Montserrat','MS','MSR',500);
INSERT INTO "country" VALUES (137,'Malta','MT','MLT',470);
INSERT INTO "country" VALUES (138,'Mauritius','MU','MUS',480);
INSERT INTO "country" VALUES (139,'Maldives','MV','MDV',462);
INSERT INTO "country" VALUES (140,'Malawi','MW','MWI',454);
INSERT INTO "country" VALUES (141,'Mexico','MX','MEX',484);
INSERT INTO "country" VALUES (142,'Malaysia','MY','MYS',458);
INSERT INTO "country" VALUES (143,'Mozambique','MZ','MOZ',508);
INSERT INTO "country" VALUES (144,'Namibia','NA','NAM',516);
INSERT INTO "country" VALUES (145,'New Caledonia','NC','NCL',540);
INSERT INTO "country" VALUES (146,'Niger','NE','NER',562);
INSERT INTO "country" VALUES (147,'Norfolk Island','NF','NFK',574);
INSERT INTO "country" VALUES (148,'Nigeria','NG','NGA',566);
INSERT INTO "country" VALUES (149,'Nicaragua','NI','NIC',558);
INSERT INTO "country" VALUES (150,'Netherlands','NL','NLD',528);
INSERT INTO "country" VALUES (151,'Norway','NO','NOR',578);
INSERT INTO "country" VALUES (152,'Nepal','NP','NPL',524);
INSERT INTO "country" VALUES (153,'Nauru','NR','NRU',520);
INSERT INTO "country" VALUES (154,'Niue','NU','NIU',570);
INSERT INTO "country" VALUES (155,'New Zealand','NZ','NZL',554);
INSERT INTO "country" VALUES (156,'Oman','OM','OMN',512);
INSERT INTO "country" VALUES (157,'Panama','PA','PAN',591);
INSERT INTO "country" VALUES (158,'Peru','PE','PER',604);
INSERT INTO "country" VALUES (159,'French Polynesia','PF','PYF',258);
INSERT INTO "country" VALUES (160,'Papua New Guinea','PG','PNG',598);
INSERT INTO "country" VALUES (161,'Philippines','PH','PHL',608);
INSERT INTO "country" VALUES (162,'Pakistan','PK','PAK',586);
INSERT INTO "country" VALUES (163,'Poland','PL','POL',616);
INSERT INTO "country" VALUES (164,'Saint Pierre and Miquelon','PM','SPM',666);
INSERT INTO "country" VALUES (165,'Pitcairn','PN','PCN',612);
INSERT INTO "country" VALUES (166,'Puerto Rico','PR','PRI',630);
INSERT INTO "country" VALUES (167,'Portugal','PT','PRT',620);
INSERT INTO "country" VALUES (168,'Palau','PW','PLW',585);
INSERT INTO "country" VALUES (169,'Paraguay','PY','PRY',600);
INSERT INTO "country" VALUES (170,'Qatar','QA','QAT',634);
INSERT INTO "country" VALUES (171,'Reunion','RE','REU',638);
INSERT INTO "country" VALUES (172,'Romania','RO','ROM',642);
INSERT INTO "country" VALUES (173,'Russian Federation','RU','RUS',643);
INSERT INTO "country" VALUES (174,'Rwanda','RW','RWA',646);
INSERT INTO "country" VALUES (175,'Saudi Arabia','SA','SAU',682);
INSERT INTO "country" VALUES (176,'Solomon Islands','SB','SLB',90);
INSERT INTO "country" VALUES (177,'Seychelles','SC','SYC',690);
INSERT INTO "country" VALUES (178,'Sudan','SD','SDN',736);
INSERT INTO "country" VALUES (179,'Sweden','SE','SWE',752);
INSERT INTO "country" VALUES (180,'Singapore','SG','SGP',702);
INSERT INTO "country" VALUES (181,'Saint Helena','SH','SHN',654);
INSERT INTO "country" VALUES (182,'Slovenia','SI','SVN',705);
INSERT INTO "country" VALUES (183,'Svalbard and Jan Mayen','SJ','SJM',744);
INSERT INTO "country" VALUES (184,'Slovakia','SK','SVK',703);
INSERT INTO "country" VALUES (185,'Sierra Leone','SL','SLE',694);
INSERT INTO "country" VALUES (186,'San Marino','SM','SMR',674);
INSERT INTO "country" VALUES (187,'Senegal','SN','SEN',686);
INSERT INTO "country" VALUES (188,'Somalia','SO','SOM',706);
INSERT INTO "country" VALUES (189,'Suriname','SR','SUR',740);
INSERT INTO "country" VALUES (190,'Sao Tome and Principe','ST','STP',678);
INSERT INTO "country" VALUES (191,'El Salvador','SV','SLV',222);
INSERT INTO "country" VALUES (192,'Syrian Arab Republic','SY','SYR',760);
INSERT INTO "country" VALUES (193,'Swaziland','SZ','SWZ',748);
INSERT INTO "country" VALUES (194,'Turks and Caicos Islands','TC','TCA',796);
INSERT INTO "country" VALUES (195,'Chad','TD','TCD',148);
INSERT INTO "country" VALUES (196,'Togo','TG','TGO',768);
INSERT INTO "country" VALUES (197,'Thailand','TH','THA',764);
INSERT INTO "country" VALUES (198,'Tajikistan','TJ','TJK',762);
INSERT INTO "country" VALUES (199,'Tokelau','TK','TKL',772);
INSERT INTO "country" VALUES (200,'Turkmenistan','TM','TKM',795);
INSERT INTO "country" VALUES (201,'Tunisia','TN','TUN',788);
INSERT INTO "country" VALUES (202,'Tonga','TO','TON',776);
INSERT INTO "country" VALUES (203,'Turkey','TR','TUR',792);
INSERT INTO "country" VALUES (204,'Trinidad and Tobago','TT','TTO',780);
INSERT INTO "country" VALUES (205,'Tuvalu','TV','TUV',798);
INSERT INTO "country" VALUES (206,'Taiwan, Province of China','TW','TWN',158);
INSERT INTO "country" VALUES (207,'United Republic of Tanzania','TZ','TZA',834);
INSERT INTO "country" VALUES (208,'Ukraine','UA','UKR',804);
INSERT INTO "country" VALUES (209,'Uganda','UG','UGA',800);
INSERT INTO "country" VALUES (210,'United States','US','USA',840);
INSERT INTO "country" VALUES (211,'Uruguay','UY','URY',858);
INSERT INTO "country" VALUES (212,'Uzbekistan','UZ','UZB',860);
INSERT INTO "country" VALUES (213,'Holy See (Vatican City State)','VA','VAT',336);
INSERT INTO "country" VALUES (214,'Saint Vincent and the Grenadines','VC','VCT',670);
INSERT INTO "country" VALUES (215,'Venezuela','VE','VEN',862);
INSERT INTO "country" VALUES (216,'Virgin Islands, British','VG','VGB',92);
INSERT INTO "country" VALUES (217,'Virgin Islands, U.s.','VI','VIR',850);
INSERT INTO "country" VALUES (218,'Viet Nam','VN','VNM',704);
INSERT INTO "country" VALUES (219,'Vanuatu','VU','VUT',548);
INSERT INTO "country" VALUES (220,'Wallis and Futuna','WF','WLF',876);
INSERT INTO "country" VALUES (221,'Samoa','WS','WSM',882);
INSERT INTO "country" VALUES (222,'Yemen','YE','YEM',887);
INSERT INTO "country" VALUES (223,'South Africa','ZA','ZAF',710);
INSERT INTO "country" VALUES (224,'Zambia','ZM','ZMB',894);
INSERT INTO "country" VALUES (225,'Zimbabwe','ZW','ZWE',716);
INSERT INTO "country" VALUES (226,'England',NULL,'ENG',NULL);
INSERT INTO "country" VALUES (227,'Scotland',NULL,'SCT',NULL);
INSERT INTO "country" VALUES (228,'Wales',NULL,'WLS',NULL);
INSERT INTO "country" VALUES (229,'Northern Ireland',NULL,'NIR',NULL);
INSERT INTO "country" VALUES (230,'Serbia','RS','SRB',688);
INSERT INTO "country" VALUES (231,'Kosovo',NULL,'RKS',NULL);
INSERT INTO "country" VALUES (232,'Montenegro','ME','MNE',499);
INSERT INTO "country" VALUES (233,'Curacao','CW','CUW',531);
INSERT INTO "schedule" VALUES (1,4,20,NULL,NULL,5,2,'2019-08-17');
INSERT INTO "schedule" VALUES (2,5,14,NULL,NULL,5,2,'2019-08-17');
INSERT INTO "schedule" VALUES (3,3,29,NULL,NULL,5,2,'2019-08-17');
INSERT INTO "schedule" VALUES (4,34,15,NULL,NULL,5,2,'2019-08-17');
INSERT INTO "schedule" VALUES (5,36,18,NULL,NULL,5,2,'2019-08-17');
INSERT INTO "schedule" VALUES (6,28,19,NULL,NULL,5,2,'2019-08-17');
INSERT INTO "schedule" VALUES (7,6,16,NULL,NULL,5,2,'2019-08-17');
INSERT INTO "schedule" VALUES (8,12,33,NULL,NULL,5,2,'2019-08-17');
INSERT INTO "schedule" VALUES (9,17,27,NULL,NULL,5,2,'2019-08-17');
INSERT INTO "schedule" VALUES (10,15,5,NULL,NULL,6,2,'2019-08-24');
INSERT INTO "schedule" VALUES (11,33,36,NULL,NULL,6,2,'2019-08-24');
INSERT INTO "schedule" VALUES (12,18,3,NULL,NULL,6,2,'2019-08-24');
INSERT INTO "schedule" VALUES (13,19,6,NULL,NULL,6,2,'2019-08-24');
INSERT INTO "schedule" VALUES (14,14,17,NULL,NULL,6,2,'2019-08-24');
INSERT INTO "schedule" VALUES (15,29,28,NULL,NULL,6,2,'2019-08-24');
INSERT INTO "schedule" VALUES (16,16,4,NULL,NULL,6,2,'2019-08-24');
INSERT INTO "schedule" VALUES (17,27,12,NULL,NULL,6,2,'2019-08-24');
INSERT INTO "schedule" VALUES (18,20,34,NULL,NULL,6,2,'2019-08-24');
INSERT INTO "schedule" VALUES (19,6,27,NULL,NULL,7,2,'2019-08-31');
INSERT INTO "schedule" VALUES (20,4,19,NULL,NULL,7,2,'2019-08-31');
INSERT INTO "schedule" VALUES (21,3,33,NULL,NULL,7,2,'2019-08-31');
INSERT INTO "schedule" VALUES (22,34,29,NULL,NULL,7,2,'2019-08-31');
INSERT INTO "schedule" VALUES (23,28,15,NULL,NULL,7,2,'2019-08-31');
INSERT INTO "schedule" VALUES (24,16,20,NULL,NULL,7,2,'2019-08-31');
INSERT INTO "schedule" VALUES (25,17,5,NULL,NULL,7,2,'2019-08-31');
INSERT INTO "schedule" VALUES (26,36,14,NULL,NULL,7,2,'2019-08-31');
INSERT INTO "schedule" VALUES (27,12,18,NULL,NULL,7,2,'2019-08-31');
INSERT INTO "schedule" VALUES (28,18,34,NULL,NULL,8,2,'2019-09-14');
INSERT INTO "schedule" VALUES (29,5,3,NULL,NULL,8,2,'2019-09-14');
INSERT INTO "schedule" VALUES (30,19,20,NULL,NULL,8,2,'2019-09-14');
INSERT INTO "schedule" VALUES (31,14,12,NULL,NULL,8,2,'2019-09-14');
INSERT INTO "schedule" VALUES (32,15,6,NULL,NULL,8,2,'2019-09-14');
INSERT INTO "schedule" VALUES (33,17,36,NULL,NULL,8,2,'2019-09-14');
INSERT INTO "schedule" VALUES (34,27,4,NULL,NULL,8,2,'2019-09-14');
INSERT INTO "schedule" VALUES (35,33,28,NULL,NULL,8,2,'2019-09-14');
INSERT INTO "schedule" VALUES (36,29,16,NULL,NULL,8,2,'2019-09-14');
INSERT INTO "schedule" VALUES (37,16,19,NULL,NULL,9,2,'2019-09-21');
INSERT INTO "schedule" VALUES (38,4,15,NULL,NULL,9,2,'2019-09-21');
INSERT INTO "schedule" VALUES (39,3,17,NULL,NULL,9,2,'2019-09-21');
INSERT INTO "schedule" VALUES (40,20,29,NULL,NULL,9,2,'2019-09-21');
INSERT INTO "schedule" VALUES (41,28,14,NULL,NULL,9,2,'2019-09-21');
INSERT INTO "schedule" VALUES (42,36,27,NULL,NULL,9,2,'2019-09-21');
INSERT INTO "schedule" VALUES (43,6,18,NULL,NULL,9,2,'2019-09-21');
INSERT INTO "schedule" VALUES (44,12,5,NULL,NULL,9,2,'2019-09-21');
INSERT INTO "schedule" VALUES (45,34,33,NULL,NULL,9,2,'2019-09-21');
INSERT INTO "schedule" VALUES (46,17,12,NULL,NULL,10,2,'2019-09-28');
INSERT INTO "schedule" VALUES (47,27,16,NULL,NULL,10,2,'2019-09-28');
INSERT INTO "schedule" VALUES (48,33,6,NULL,NULL,10,2,'2019-09-28');
INSERT INTO "schedule" VALUES (49,19,34,NULL,NULL,10,2,'2019-09-28');
INSERT INTO "schedule" VALUES (50,14,3,NULL,NULL,10,2,'2019-09-28');
INSERT INTO "schedule" VALUES (51,29,4,NULL,NULL,10,2,'2019-09-28');
INSERT INTO "schedule" VALUES (52,5,36,NULL,NULL,10,2,'2019-09-28');
INSERT INTO "schedule" VALUES (53,18,28,NULL,NULL,10,2,'2019-09-28');
INSERT INTO "schedule" VALUES (54,15,20,NULL,NULL,10,2,'2019-09-28');
INSERT INTO "schedule" VALUES (55,20,18,NULL,NULL,11,2,'2019-10-05');
INSERT INTO "schedule" VALUES (56,4,33,NULL,NULL,11,2,'2019-10-05');
INSERT INTO "schedule" VALUES (57,3,27,NULL,NULL,11,2,'2019-10-05');
INSERT INTO "schedule" VALUES (58,28,5,NULL,NULL,11,2,'2019-10-05');
INSERT INTO "schedule" VALUES (59,29,19,NULL,NULL,11,2,'2019-10-05');
INSERT INTO "schedule" VALUES (60,16,15,NULL,NULL,11,2,'2019-10-05');
INSERT INTO "schedule" VALUES (61,6,14,NULL,NULL,11,2,'2019-10-05');
INSERT INTO "schedule" VALUES (62,34,17,NULL,NULL,11,2,'2019-10-05');
INSERT INTO "schedule" VALUES (63,12,36,NULL,NULL,11,2,'2019-10-05');
INSERT INTO "schedule" VALUES (64,12,3,NULL,NULL,12,2,'2019-10-19');
INSERT INTO "schedule" VALUES (65,27,34,NULL,NULL,12,2,'2019-10-19');
INSERT INTO "schedule" VALUES (66,36,20,NULL,NULL,12,2,'2019-10-19');
INSERT INTO "schedule" VALUES (67,18,19,NULL,NULL,12,2,'2019-10-19');
INSERT INTO "schedule" VALUES (68,14,4,NULL,NULL,12,2,'2019-10-19');
INSERT INTO "schedule" VALUES (69,17,28,NULL,NULL,12,2,'2019-10-19');
INSERT INTO "schedule" VALUES (70,5,6,NULL,NULL,12,2,'2019-10-19');
INSERT INTO "schedule" VALUES (71,15,29,NULL,NULL,12,2,'2019-10-19');
INSERT INTO "schedule" VALUES (72,33,16,NULL,NULL,12,2,'2019-10-19');
INSERT INTO "schedule" VALUES (73,19,15,NULL,NULL,13,2,'2019-10-26');
INSERT INTO "schedule" VALUES (74,4,17,NULL,NULL,13,2,'2019-10-26');
INSERT INTO "schedule" VALUES (75,20,33,NULL,NULL,13,2,'2019-10-26');
INSERT INTO "schedule" VALUES (76,28,27,NULL,NULL,13,2,'2019-10-26');
INSERT INTO "schedule" VALUES (77,16,5,NULL,NULL,13,2,'2019-10-26');
INSERT INTO "schedule" VALUES (78,29,18,NULL,NULL,13,2,'2019-10-26');
INSERT INTO "schedule" VALUES (79,3,36,NULL,NULL,13,2,'2019-10-26');
INSERT INTO "schedule" VALUES (80,34,14,NULL,NULL,13,2,'2019-10-26');
INSERT INTO "schedule" VALUES (81,6,12,NULL,NULL,13,2,'2019-10-26');
INSERT INTO "schedule" VALUES (82,20,16,NULL,NULL,24,2,'2020-02-01');
INSERT INTO "schedule" VALUES (83,5,17,NULL,NULL,24,2,'2020-02-01');
INSERT INTO "schedule" VALUES (84,33,3,NULL,NULL,24,2,'2020-02-01');
INSERT INTO "schedule" VALUES (85,18,12,NULL,NULL,24,2,'2020-02-01');
INSERT INTO "schedule" VALUES (86,19,4,NULL,NULL,24,2,'2020-02-01');
INSERT INTO "schedule" VALUES (87,14,36,NULL,NULL,24,2,'2020-02-01');
INSERT INTO "schedule" VALUES (88,27,6,NULL,NULL,24,2,'2020-02-01');
INSERT INTO "schedule" VALUES (89,15,28,NULL,NULL,24,2,'2020-02-01');
INSERT INTO "schedule" VALUES (90,29,34,NULL,NULL,24,2,'2020-02-01');
INSERT INTO "schedule" VALUES (91,12,14,NULL,NULL,25,2,'2020-02-08');
INSERT INTO "schedule" VALUES (92,34,18,NULL,NULL,25,2,'2020-02-08');
INSERT INTO "schedule" VALUES (93,36,17,NULL,NULL,25,2,'2020-02-08');
INSERT INTO "schedule" VALUES (94,20,19,NULL,NULL,25,2,'2020-02-08');
INSERT INTO "schedule" VALUES (95,28,33,NULL,NULL,25,2,'2020-02-08');
INSERT INTO "schedule" VALUES (96,16,29,NULL,NULL,25,2,'2020-02-08');
INSERT INTO "schedule" VALUES (97,3,5,NULL,NULL,25,2,'2020-02-08');
INSERT INTO "schedule" VALUES (98,4,27,NULL,NULL,25,2,'2020-02-08');
INSERT INTO "schedule" VALUES (99,6,15,NULL,NULL,25,2,'2020-02-08');
INSERT INTO "schedule" VALUES (100,19,16,NULL,NULL,26,2,'2020-02-15');
INSERT INTO "schedule" VALUES (101,15,4,NULL,NULL,26,2,'2020-02-15');
INSERT INTO "schedule" VALUES (102,17,3,NULL,NULL,26,2,'2020-02-15');
INSERT INTO "schedule" VALUES (103,29,20,NULL,NULL,26,2,'2020-02-15');
INSERT INTO "schedule" VALUES (104,14,28,NULL,NULL,26,2,'2020-02-15');
INSERT INTO "schedule" VALUES (105,27,36,NULL,NULL,26,2,'2020-02-15');
INSERT INTO "schedule" VALUES (106,18,6,NULL,NULL,26,2,'2020-02-15');
INSERT INTO "schedule" VALUES (107,5,12,NULL,NULL,26,2,'2020-02-15');
INSERT INTO "schedule" VALUES (108,33,34,NULL,NULL,26,2,'2020-02-15');
INSERT INTO "schedule" VALUES (109,12,17,NULL,NULL,27,2,'2020-02-22');
INSERT INTO "schedule" VALUES (110,16,27,NULL,NULL,27,2,'2020-02-22');
INSERT INTO "schedule" VALUES (111,6,33,NULL,NULL,27,2,'2020-02-22');
INSERT INTO "schedule" VALUES (112,34,19,NULL,NULL,27,2,'2020-02-22');
INSERT INTO "schedule" VALUES (113,3,14,NULL,NULL,27,2,'2020-02-22');
INSERT INTO "schedule" VALUES (114,4,29,NULL,NULL,27,2,'2020-02-22');
INSERT INTO "schedule" VALUES (115,36,5,NULL,NULL,27,2,'2020-02-22');
INSERT INTO "schedule" VALUES (116,28,18,NULL,NULL,27,2,'2020-02-22');
INSERT INTO "schedule" VALUES (117,20,15,NULL,NULL,27,2,'2020-02-22');
INSERT INTO "schedule" VALUES (118,18,20,NULL,NULL,28,2,'2020-02-29');
INSERT INTO "schedule" VALUES (119,33,4,NULL,NULL,28,2,'2020-02-29');
INSERT INTO "schedule" VALUES (120,27,3,NULL,NULL,28,2,'2020-02-29');
INSERT INTO "schedule" VALUES (121,5,28,NULL,NULL,28,2,'2020-02-29');
INSERT INTO "schedule" VALUES (122,19,29,NULL,NULL,28,2,'2020-02-29');
INSERT INTO "schedule" VALUES (123,15,16,NULL,NULL,28,2,'2020-02-29');
INSERT INTO "schedule" VALUES (124,14,6,NULL,NULL,28,2,'2020-02-29');
INSERT INTO "schedule" VALUES (125,17,34,NULL,NULL,28,2,'2020-02-29');
INSERT INTO "schedule" VALUES (126,36,12,NULL,NULL,28,2,'2020-02-29');
INSERT INTO "schedule" VALUES (127,3,12,NULL,NULL,29,2,'2020-03-07');
INSERT INTO "schedule" VALUES (128,34,27,NULL,NULL,29,2,'2020-03-07');
INSERT INTO "schedule" VALUES (129,20,36,NULL,NULL,29,2,'2020-03-07');
INSERT INTO "schedule" VALUES (130,19,18,NULL,NULL,29,2,'2020-03-07');
INSERT INTO "schedule" VALUES (131,4,14,NULL,NULL,29,2,'2020-03-07');
INSERT INTO "schedule" VALUES (132,28,17,NULL,NULL,29,2,'2020-03-07');
INSERT INTO "schedule" VALUES (133,6,5,NULL,NULL,29,2,'2020-03-07');
INSERT INTO "schedule" VALUES (134,29,15,NULL,NULL,29,2,'2020-03-07');
INSERT INTO "schedule" VALUES (135,16,33,NULL,NULL,29,2,'2020-03-07');
INSERT INTO "schedule" VALUES (136,17,4,NULL,NULL,30,2,'2020-05-16');
INSERT INTO "schedule" VALUES (137,33,20,NULL,NULL,30,2,'2020-05-16');
INSERT INTO "schedule" VALUES (138,27,28,NULL,NULL,30,2,'2020-05-16');
INSERT INTO "schedule" VALUES (139,5,16,NULL,NULL,30,2,'2020-05-16');
INSERT INTO "schedule" VALUES (140,18,29,NULL,NULL,30,2,'2020-05-16');
INSERT INTO "schedule" VALUES (141,36,3,NULL,NULL,30,2,'2020-05-16');
INSERT INTO "schedule" VALUES (142,14,34,NULL,NULL,30,2,'2020-05-16');
INSERT INTO "schedule" VALUES (143,12,6,NULL,NULL,30,2,'2020-05-16');
INSERT INTO "schedule" VALUES (144,15,19,NULL,NULL,30,2,'2020-05-16');
INSERT INTO "schedule" VALUES (145,33,29,NULL,NULL,14,2,'2019-11-02');
INSERT INTO "schedule" VALUES (146,5,34,NULL,NULL,14,2,'2019-11-02');
INSERT INTO "schedule" VALUES (147,27,19,NULL,NULL,14,2,'2019-11-02');
INSERT INTO "schedule" VALUES (148,3,6,NULL,NULL,14,2,'2019-11-02');
INSERT INTO "schedule" VALUES (149,12,4,NULL,NULL,14,2,'2019-11-02');
INSERT INTO "schedule" VALUES (150,36,28,NULL,NULL,14,2,'2019-11-02');
INSERT INTO "schedule" VALUES (151,17,20,NULL,NULL,14,2,'2019-11-02');
INSERT INTO "schedule" VALUES (152,18,15,NULL,NULL,14,2,'2019-11-02');
INSERT INTO "schedule" VALUES (153,14,16,NULL,NULL,14,2,'2019-11-02');
INSERT INTO "schedule" VALUES (154,15,33,NULL,NULL,15,2,'2019-11-09');
INSERT INTO "schedule" VALUES (155,20,27,NULL,NULL,15,2,'2019-11-09');
INSERT INTO "schedule" VALUES (156,19,17,NULL,NULL,15,2,'2019-11-09');
INSERT INTO "schedule" VALUES (157,16,18,NULL,NULL,15,2,'2019-11-09');
INSERT INTO "schedule" VALUES (158,29,14,NULL,NULL,15,2,'2019-11-09');
INSERT INTO "schedule" VALUES (159,4,5,NULL,NULL,15,2,'2019-11-09');
INSERT INTO "schedule" VALUES (160,6,36,NULL,NULL,15,2,'2019-11-09');
INSERT INTO "schedule" VALUES (161,34,3,NULL,NULL,15,2,'2019-11-09');
INSERT INTO "schedule" VALUES (162,28,12,NULL,NULL,15,2,'2019-11-09');
INSERT INTO "schedule" VALUES (163,5,29,NULL,NULL,16,2,'2019-11-23');
INSERT INTO "schedule" VALUES (164,3,28,NULL,NULL,16,2,'2019-11-23');
INSERT INTO "schedule" VALUES (165,12,34,NULL,NULL,16,2,'2019-11-23');
INSERT INTO "schedule" VALUES (166,36,16,NULL,NULL,16,2,'2019-11-23');
INSERT INTO "schedule" VALUES (167,18,4,NULL,NULL,16,2,'2019-11-23');
INSERT INTO "schedule" VALUES (168,17,6,NULL,NULL,16,2,'2019-11-23');
INSERT INTO "schedule" VALUES (169,27,15,NULL,NULL,16,2,'2019-11-23');
INSERT INTO "schedule" VALUES (170,14,20,NULL,NULL,16,2,'2019-11-23');
INSERT INTO "schedule" VALUES (171,33,19,NULL,NULL,16,2,'2019-11-23');
INSERT INTO "schedule" VALUES (172,16,17,NULL,NULL,17,2,'2019-11-30');
INSERT INTO "schedule" VALUES (173,33,18,NULL,NULL,17,2,'2019-11-30');
INSERT INTO "schedule" VALUES (174,20,5,NULL,NULL,17,2,'2019-11-30');
INSERT INTO "schedule" VALUES (175,15,14,NULL,NULL,17,2,'2019-11-30');
INSERT INTO "schedule" VALUES (176,29,27,NULL,NULL,17,2,'2019-11-30');
INSERT INTO "schedule" VALUES (177,4,3,NULL,NULL,17,2,'2019-11-30');
INSERT INTO "schedule" VALUES (178,6,28,NULL,NULL,17,2,'2019-11-30');
INSERT INTO "schedule" VALUES (179,34,36,NULL,NULL,17,2,'2019-11-30');
INSERT INTO "schedule" VALUES (180,19,12,NULL,NULL,17,2,'2019-11-30');
INSERT INTO "schedule" VALUES (181,12,20,NULL,NULL,18,2,'2019-12-07');
INSERT INTO "schedule" VALUES (182,5,18,NULL,NULL,18,2,'2019-12-07');
INSERT INTO "schedule" VALUES (183,27,33,NULL,NULL,18,2,'2019-12-07');
INSERT INTO "schedule" VALUES (184,6,4,NULL,NULL,18,2,'2019-12-07');
INSERT INTO "schedule" VALUES (185,28,34,NULL,NULL,18,2,'2019-12-07');
INSERT INTO "schedule" VALUES (186,14,19,NULL,NULL,18,2,'2019-12-07');
INSERT INTO "schedule" VALUES (187,3,16,NULL,NULL,18,2,'2019-12-07');
INSERT INTO "schedule" VALUES (188,17,15,NULL,NULL,18,2,'2019-12-07');
INSERT INTO "schedule" VALUES (189,36,29,NULL,NULL,18,2,'2019-12-07');
INSERT INTO "schedule" VALUES (190,33,14,NULL,NULL,19,2,'2019-12-14');
INSERT INTO "schedule" VALUES (191,4,36,NULL,NULL,19,2,'2019-12-14');
INSERT INTO "schedule" VALUES (192,20,28,NULL,NULL,19,2,'2019-12-14');
INSERT INTO "schedule" VALUES (193,19,5,NULL,NULL,19,2,'2019-12-14');
INSERT INTO "schedule" VALUES (194,15,3,NULL,NULL,19,2,'2019-12-14');
INSERT INTO "schedule" VALUES (195,29,17,NULL,NULL,19,2,'2019-12-14');
INSERT INTO "schedule" VALUES (196,18,27,NULL,NULL,19,2,'2019-12-14');
INSERT INTO "schedule" VALUES (197,34,6,NULL,NULL,19,2,'2019-12-14');
INSERT INTO "schedule" VALUES (198,16,12,NULL,NULL,19,2,'2019-12-14');
INSERT INTO "schedule" VALUES (199,36,19,NULL,NULL,20,2,'2019-12-17');
INSERT INTO "schedule" VALUES (200,5,27,NULL,NULL,20,2,'2019-12-17');
INSERT INTO "schedule" VALUES (201,14,18,NULL,NULL,20,2,'2019-12-17');
INSERT INTO "schedule" VALUES (202,17,33,NULL,NULL,20,2,'2019-12-17');
INSERT INTO "schedule" VALUES (203,3,20,NULL,NULL,20,2,'2019-12-17');
INSERT INTO "schedule" VALUES (204,6,29,NULL,NULL,20,2,'2019-12-17');
INSERT INTO "schedule" VALUES (205,34,16,NULL,NULL,20,2,'2019-12-17');
INSERT INTO "schedule" VALUES (206,12,15,NULL,NULL,20,2,'2019-12-17');
INSERT INTO "schedule" VALUES (207,28,4,NULL,NULL,20,2,'2019-12-17');
INSERT INTO "schedule" VALUES (208,33,5,NULL,NULL,21,2,'2019-12-21');
INSERT INTO "schedule" VALUES (209,4,34,NULL,NULL,21,2,'2019-12-21');
INSERT INTO "schedule" VALUES (210,27,14,NULL,NULL,21,2,'2019-12-21');
INSERT INTO "schedule" VALUES (211,19,3,NULL,NULL,21,2,'2019-12-21');
INSERT INTO "schedule" VALUES (212,16,28,NULL,NULL,21,2,'2019-12-21');
INSERT INTO "schedule" VALUES (213,15,36,NULL,NULL,21,2,'2019-12-21');
INSERT INTO "schedule" VALUES (214,20,6,NULL,NULL,21,2,'2019-12-21');
INSERT INTO "schedule" VALUES (215,18,17,NULL,NULL,21,2,'2019-12-21');
INSERT INTO "schedule" VALUES (216,29,12,NULL,NULL,21,2,'2019-12-21');
INSERT INTO "schedule" VALUES (217,16,6,NULL,NULL,22,2,'2020-01-18');
INSERT INTO "schedule" VALUES (218,33,12,NULL,NULL,22,2,'2020-01-18');
INSERT INTO "schedule" VALUES (219,18,36,NULL,NULL,22,2,'2020-01-18');
INSERT INTO "schedule" VALUES (220,19,28,NULL,NULL,22,2,'2020-01-18');
INSERT INTO "schedule" VALUES (221,14,5,NULL,NULL,22,2,'2020-01-18');
INSERT INTO "schedule" VALUES (222,15,34,NULL,NULL,22,2,'2020-01-18');
INSERT INTO "schedule" VALUES (223,27,17,NULL,NULL,22,2,'2020-01-18');
INSERT INTO "schedule" VALUES (224,20,4,NULL,NULL,22,2,'2020-01-18');
INSERT INTO "schedule" VALUES (225,29,3,NULL,NULL,22,2,'2020-01-18');
INSERT INTO "schedule" VALUES (226,5,15,NULL,NULL,23,2,'2020-01-25');
INSERT INTO "schedule" VALUES (227,6,19,NULL,NULL,23,2,'2020-01-25');
INSERT INTO "schedule" VALUES (228,34,20,NULL,NULL,23,2,'2020-01-25');
INSERT INTO "schedule" VALUES (229,12,27,NULL,NULL,23,2,'2020-01-25');
INSERT INTO "schedule" VALUES (230,28,29,NULL,NULL,23,2,'2020-01-25');
INSERT INTO "schedule" VALUES (231,17,14,NULL,NULL,23,2,'2020-01-25');
INSERT INTO "schedule" VALUES (232,4,16,NULL,NULL,23,2,'2020-01-25');
INSERT INTO "schedule" VALUES (233,36,33,NULL,NULL,23,2,'2020-01-25');
INSERT INTO "schedule" VALUES (234,3,18,NULL,NULL,23,2,'2020-01-25');
INSERT INTO "schedule" VALUES (235,29,33,NULL,NULL,31,2,'2020-05-23');
INSERT INTO "schedule" VALUES (236,34,5,NULL,NULL,31,2,'2020-05-23');
INSERT INTO "schedule" VALUES (237,19,27,NULL,NULL,31,2,'2020-05-23');
INSERT INTO "schedule" VALUES (238,6,3,NULL,NULL,31,2,'2020-05-23');
INSERT INTO "schedule" VALUES (239,4,12,NULL,NULL,31,2,'2020-05-23');
INSERT INTO "schedule" VALUES (240,28,36,NULL,NULL,31,2,'2020-05-23');
INSERT INTO "schedule" VALUES (241,20,17,NULL,NULL,31,2,'2020-05-23');
INSERT INTO "schedule" VALUES (242,15,18,NULL,NULL,31,2,'2020-05-23');
INSERT INTO "schedule" VALUES (243,16,14,NULL,NULL,31,2,'2020-05-23');
INSERT INTO "schedule" VALUES (244,33,15,NULL,NULL,32,2,'2020-05-26');
INSERT INTO "schedule" VALUES (245,27,20,NULL,NULL,32,2,'2020-05-26');
INSERT INTO "schedule" VALUES (246,17,19,NULL,NULL,32,2,'2020-05-26');
INSERT INTO "schedule" VALUES (247,18,16,NULL,NULL,32,2,'2020-05-26');
INSERT INTO "schedule" VALUES (248,14,29,NULL,NULL,32,2,'2020-05-26');
INSERT INTO "schedule" VALUES (249,5,4,NULL,NULL,32,2,'2020-05-26');
INSERT INTO "schedule" VALUES (250,36,6,NULL,NULL,32,2,'2020-05-26');
INSERT INTO "schedule" VALUES (251,3,34,NULL,NULL,32,2,'2020-05-26');
INSERT INTO "schedule" VALUES (252,12,28,NULL,NULL,32,2,'2020-05-26');
INSERT INTO "schedule" VALUES (253,29,5,NULL,NULL,33,2,'2020-05-30');
INSERT INTO "schedule" VALUES (254,28,3,NULL,NULL,33,2,'2020-05-30');
INSERT INTO "schedule" VALUES (255,34,12,NULL,NULL,33,2,'2020-05-30');
INSERT INTO "schedule" VALUES (256,16,36,NULL,NULL,33,2,'2020-05-30');
INSERT INTO "schedule" VALUES (257,4,18,NULL,NULL,33,2,'2020-05-30');
INSERT INTO "schedule" VALUES (258,6,17,NULL,NULL,33,2,'2020-05-30');
INSERT INTO "schedule" VALUES (259,15,27,NULL,NULL,33,2,'2020-05-30');
INSERT INTO "schedule" VALUES (260,20,14,NULL,NULL,33,2,'2020-05-30');
INSERT INTO "schedule" VALUES (261,19,33,NULL,NULL,33,2,'2020-05-30');
INSERT INTO "schedule" VALUES (262,17,16,NULL,NULL,34,2,'2020-06-06');
INSERT INTO "schedule" VALUES (263,18,33,NULL,NULL,34,2,'2020-06-06');
INSERT INTO "schedule" VALUES (264,5,20,NULL,NULL,34,2,'2020-06-06');
INSERT INTO "schedule" VALUES (265,14,15,NULL,NULL,34,2,'2020-06-06');
INSERT INTO "schedule" VALUES (266,27,29,NULL,NULL,34,2,'2020-06-06');
INSERT INTO "schedule" VALUES (267,3,4,NULL,NULL,34,2,'2020-06-06');
INSERT INTO "schedule" VALUES (268,28,6,NULL,NULL,34,2,'2020-06-06');
INSERT INTO "schedule" VALUES (269,36,34,NULL,NULL,34,2,'2020-06-06');
INSERT INTO "schedule" VALUES (270,12,19,NULL,NULL,34,2,'2020-06-06');
INSERT INTO "schedule" VALUES (271,20,12,NULL,NULL,35,2,'2020-06-13');
INSERT INTO "schedule" VALUES (272,18,5,NULL,NULL,35,2,'2020-06-13');
INSERT INTO "schedule" VALUES (273,33,27,NULL,NULL,35,2,'2020-06-13');
INSERT INTO "schedule" VALUES (274,4,6,NULL,NULL,35,2,'2020-06-13');
INSERT INTO "schedule" VALUES (275,34,28,NULL,NULL,35,2,'2020-06-13');
INSERT INTO "schedule" VALUES (276,19,14,NULL,NULL,35,2,'2020-06-13');
INSERT INTO "schedule" VALUES (277,16,3,NULL,NULL,35,2,'2020-06-13');
INSERT INTO "schedule" VALUES (278,15,17,NULL,NULL,35,2,'2020-06-13');
INSERT INTO "schedule" VALUES (279,29,36,NULL,NULL,35,2,'2020-06-13');
INSERT INTO "schedule" VALUES (280,14,33,NULL,NULL,36,2,'2020-06-16');
INSERT INTO "schedule" VALUES (281,36,4,NULL,NULL,36,2,'2020-06-16');
INSERT INTO "schedule" VALUES (282,28,20,NULL,NULL,36,2,'2020-06-16');
INSERT INTO "schedule" VALUES (283,5,19,NULL,NULL,36,2,'2020-06-16');
INSERT INTO "schedule" VALUES (284,3,15,NULL,NULL,36,2,'2020-06-16');
INSERT INTO "schedule" VALUES (285,17,29,NULL,NULL,36,2,'2020-06-16');
INSERT INTO "schedule" VALUES (286,27,18,NULL,NULL,36,2,'2020-06-16');
INSERT INTO "schedule" VALUES (287,6,34,NULL,NULL,36,2,'2020-06-16');
INSERT INTO "schedule" VALUES (288,12,16,NULL,NULL,36,2,'2020-06-16');
INSERT INTO "schedule" VALUES (289,19,36,NULL,NULL,37,2,'2020-06-20');
INSERT INTO "schedule" VALUES (290,27,5,NULL,NULL,37,2,'2020-06-20');
INSERT INTO "schedule" VALUES (291,18,14,NULL,NULL,37,2,'2020-06-20');
INSERT INTO "schedule" VALUES (292,33,17,NULL,NULL,37,2,'2020-06-20');
INSERT INTO "schedule" VALUES (293,20,3,NULL,NULL,37,2,'2020-06-20');
INSERT INTO "schedule" VALUES (294,29,6,NULL,NULL,37,2,'2020-06-20');
INSERT INTO "schedule" VALUES (295,16,34,NULL,NULL,37,2,'2020-06-20');
INSERT INTO "schedule" VALUES (296,15,12,NULL,NULL,37,2,'2020-06-20');
INSERT INTO "schedule" VALUES (297,4,28,NULL,NULL,37,2,'2020-06-20');
INSERT INTO "schedule" VALUES (298,5,33,NULL,NULL,38,2,'2020-06-27');
INSERT INTO "schedule" VALUES (299,34,4,NULL,NULL,38,2,'2020-06-27');
INSERT INTO "schedule" VALUES (300,14,27,NULL,NULL,38,2,'2020-06-27');
INSERT INTO "schedule" VALUES (301,3,19,NULL,NULL,38,2,'2020-06-27');
INSERT INTO "schedule" VALUES (302,28,16,NULL,NULL,38,2,'2020-06-27');
INSERT INTO "schedule" VALUES (303,36,15,NULL,NULL,38,2,'2020-06-27');
INSERT INTO "schedule" VALUES (304,6,20,NULL,NULL,38,2,'2020-06-27');
INSERT INTO "schedule" VALUES (305,17,18,NULL,NULL,38,2,'2020-06-27');
INSERT INTO "schedule" VALUES (306,12,29,NULL,NULL,38,2,'2020-06-27');
INSERT INTO "schedule" VALUES (307,22,26,NULL,NULL,1,1,'2019-07-19');
INSERT INTO "schedule" VALUES (308,37,23,NULL,NULL,1,1,'2019-07-19');
INSERT INTO "schedule" VALUES (309,9,31,NULL,NULL,1,1,'2019-07-19');
INSERT INTO "schedule" VALUES (310,7,30,NULL,NULL,1,1,'2019-07-19');
INSERT INTO "schedule" VALUES (311,35,8,NULL,NULL,1,1,'2019-07-19');
INSERT INTO "schedule" VALUES (312,11,13,NULL,NULL,1,1,'2019-07-19');
INSERT INTO "schedule" VALUES (313,32,2,NULL,NULL,1,1,'2019-07-19');
INSERT INTO "schedule" VALUES (314,25,1,NULL,NULL,1,1,'2019-07-19');
INSERT INTO "schedule" VALUES (315,21,38,NULL,NULL,1,1,'2019-07-19');
INSERT INTO "schedule" VALUES (316,24,10,NULL,NULL,1,1,'2019-07-19');
INSERT INTO "schedule" VALUES (317,1,9,NULL,NULL,2,1,'2019-07-26');
INSERT INTO "schedule" VALUES (318,13,35,NULL,NULL,2,1,'2019-07-26');
INSERT INTO "schedule" VALUES (319,8,37,NULL,NULL,2,1,'2019-07-26');
INSERT INTO "schedule" VALUES (320,2,7,NULL,NULL,2,1,'2019-07-26');
INSERT INTO "schedule" VALUES (321,26,25,NULL,NULL,2,1,'2019-07-26');
INSERT INTO "schedule" VALUES (322,31,22,NULL,NULL,2,1,'2019-07-26');
INSERT INTO "schedule" VALUES (323,23,32,NULL,NULL,2,1,'2019-07-26');
INSERT INTO "schedule" VALUES (324,30,11,NULL,NULL,2,1,'2019-07-26');
INSERT INTO "schedule" VALUES (325,10,21,NULL,NULL,2,1,'2019-07-26');
INSERT INTO "schedule" VALUES (326,38,24,NULL,NULL,2,1,'2019-07-26');
INSERT INTO "schedule" VALUES (327,2,13,NULL,NULL,3,1,'2019-08-02');
INSERT INTO "schedule" VALUES (328,26,10,NULL,NULL,3,1,'2019-08-02');
INSERT INTO "schedule" VALUES (329,35,37,NULL,NULL,3,1,'2019-08-02');
INSERT INTO "schedule" VALUES (330,24,11,NULL,NULL,3,1,'2019-08-02');
INSERT INTO "schedule" VALUES (331,30,21,NULL,NULL,3,1,'2019-08-02');
INSERT INTO "schedule" VALUES (332,8,31,NULL,NULL,3,1,'2019-08-02');
INSERT INTO "schedule" VALUES (333,22,1,NULL,NULL,3,1,'2019-08-02');
INSERT INTO "schedule" VALUES (334,7,23,NULL,NULL,3,1,'2019-08-02');
INSERT INTO "schedule" VALUES (335,38,9,NULL,NULL,3,1,'2019-08-02');
INSERT INTO "schedule" VALUES (336,32,25,NULL,NULL,3,1,'2019-08-02');
INSERT INTO "schedule" VALUES (337,31,24,NULL,NULL,4,1,'2019-08-10');
INSERT INTO "schedule" VALUES (338,21,7,NULL,NULL,4,1,'2019-08-10');
INSERT INTO "schedule" VALUES (339,25,35,NULL,NULL,4,1,'2019-08-10');
INSERT INTO "schedule" VALUES (340,11,2,NULL,NULL,4,1,'2019-08-10');
INSERT INTO "schedule" VALUES (341,10,30,NULL,NULL,4,1,'2019-08-10');
INSERT INTO "schedule" VALUES (342,23,8,NULL,NULL,4,1,'2019-08-10');
INSERT INTO "schedule" VALUES (343,37,26,NULL,NULL,4,1,'2019-08-10');
INSERT INTO "schedule" VALUES (344,9,22,NULL,NULL,4,1,'2019-08-10');
INSERT INTO "schedule" VALUES (345,13,38,NULL,NULL,4,1,'2019-08-10');
INSERT INTO "schedule" VALUES (346,1,32,NULL,NULL,4,1,'2019-08-10');
INSERT INTO "schedule" VALUES (347,22,25,NULL,NULL,5,1,'2019-08-17');
INSERT INTO "schedule" VALUES (348,32,11,NULL,NULL,5,1,'2019-08-17');
INSERT INTO "schedule" VALUES (349,8,9,NULL,NULL,5,1,'2019-08-17');
INSERT INTO "schedule" VALUES (350,38,10,NULL,NULL,5,1,'2019-08-17');
INSERT INTO "schedule" VALUES (351,24,21,NULL,NULL,5,1,'2019-08-17');
INSERT INTO "schedule" VALUES (352,30,31,NULL,NULL,5,1,'2019-08-17');
INSERT INTO "schedule" VALUES (353,26,23,NULL,NULL,5,1,'2019-08-17');
INSERT INTO "schedule" VALUES (354,7,13,NULL,NULL,5,1,'2019-08-17');
INSERT INTO "schedule" VALUES (355,35,1,NULL,NULL,5,1,'2019-08-17');
INSERT INTO "schedule" VALUES (356,2,37,NULL,NULL,5,1,'2019-08-17');
INSERT INTO "schedule" VALUES (357,31,7,NULL,NULL,6,1,'2019-08-24');
INSERT INTO "schedule" VALUES (358,21,32,NULL,NULL,6,1,'2019-08-24');
INSERT INTO "schedule" VALUES (359,13,30,NULL,NULL,6,1,'2019-08-24');
INSERT INTO "schedule" VALUES (360,23,35,NULL,NULL,6,1,'2019-08-24');
INSERT INTO "schedule" VALUES (361,9,26,NULL,NULL,6,1,'2019-08-24');
INSERT INTO "schedule" VALUES (362,25,8,NULL,NULL,6,1,'2019-08-24');
INSERT INTO "schedule" VALUES (363,11,38,NULL,NULL,6,1,'2019-08-24');
INSERT INTO "schedule" VALUES (364,37,24,NULL,NULL,6,1,'2019-08-24');
INSERT INTO "schedule" VALUES (365,1,2,NULL,NULL,6,1,'2019-08-24');
INSERT INTO "schedule" VALUES (366,10,22,NULL,NULL,6,1,'2019-08-24');
INSERT INTO "schedule" VALUES (367,30,22,NULL,NULL,7,1,'2019-08-31');
INSERT INTO "schedule" VALUES (368,32,31,NULL,NULL,7,1,'2019-08-31');
INSERT INTO "schedule" VALUES (369,38,35,NULL,NULL,7,1,'2019-08-31');
INSERT INTO "schedule" VALUES (370,2,9,NULL,NULL,7,1,'2019-08-31');
INSERT INTO "schedule" VALUES (371,11,26,NULL,NULL,7,1,'2019-08-31');
INSERT INTO "schedule" VALUES (372,7,37,NULL,NULL,7,1,'2019-08-31');
INSERT INTO "schedule" VALUES (373,10,8,NULL,NULL,7,1,'2019-08-31');
INSERT INTO "schedule" VALUES (374,13,23,NULL,NULL,7,1,'2019-08-31');
INSERT INTO "schedule" VALUES (375,21,25,NULL,NULL,7,1,'2019-08-31');
INSERT INTO "schedule" VALUES (376,24,1,NULL,NULL,7,1,'2019-08-31');
INSERT INTO "schedule" VALUES (377,8,32,NULL,NULL,8,1,'2019-09-14');
INSERT INTO "schedule" VALUES (378,35,30,NULL,NULL,8,1,'2019-09-14');
INSERT INTO "schedule" VALUES (379,22,21,NULL,NULL,8,1,'2019-09-14');
INSERT INTO "schedule" VALUES (380,9,13,NULL,NULL,8,1,'2019-09-14');
INSERT INTO "schedule" VALUES (381,26,2,NULL,NULL,8,1,'2019-09-14');
INSERT INTO "schedule" VALUES (382,37,11,NULL,NULL,8,1,'2019-09-14');
INSERT INTO "schedule" VALUES (383,1,7,NULL,NULL,8,1,'2019-09-14');
INSERT INTO "schedule" VALUES (384,31,10,NULL,NULL,8,1,'2019-09-14');
INSERT INTO "schedule" VALUES (385,23,38,NULL,NULL,8,1,'2019-09-14');
INSERT INTO "schedule" VALUES (386,25,24,NULL,NULL,8,1,'2019-09-14');
INSERT INTO "schedule" VALUES (387,13,37,NULL,NULL,9,1,'2019-09-21');
INSERT INTO "schedule" VALUES (388,10,25,NULL,NULL,9,1,'2019-09-21');
INSERT INTO "schedule" VALUES (389,32,35,NULL,NULL,9,1,'2019-09-21');
INSERT INTO "schedule" VALUES (390,2,8,NULL,NULL,9,1,'2019-09-21');
INSERT INTO "schedule" VALUES (391,21,9,NULL,NULL,9,1,'2019-09-21');
INSERT INTO "schedule" VALUES (392,7,26,NULL,NULL,9,1,'2019-09-21');
INSERT INTO "schedule" VALUES (393,38,31,NULL,NULL,9,1,'2019-09-21');
INSERT INTO "schedule" VALUES (394,11,23,NULL,NULL,9,1,'2019-09-21');
INSERT INTO "schedule" VALUES (395,24,22,NULL,NULL,9,1,'2019-09-21');
INSERT INTO "schedule" VALUES (396,30,1,NULL,NULL,9,1,'2019-09-21');
INSERT INTO "schedule" VALUES (397,31,21,NULL,NULL,10,1,'2019-09-28');
INSERT INTO "schedule" VALUES (398,23,2,NULL,NULL,10,1,'2019-09-28');
INSERT INTO "schedule" VALUES (399,8,13,NULL,NULL,10,1,'2019-09-28');
INSERT INTO "schedule" VALUES (400,37,30,NULL,NULL,10,1,'2019-09-28');
INSERT INTO "schedule" VALUES (401,35,7,NULL,NULL,10,1,'2019-09-28');
INSERT INTO "schedule" VALUES (402,9,10,NULL,NULL,10,1,'2019-09-28');
INSERT INTO "schedule" VALUES (403,25,38,NULL,NULL,10,1,'2019-09-28');
INSERT INTO "schedule" VALUES (404,26,24,NULL,NULL,10,1,'2019-09-28');
INSERT INTO "schedule" VALUES (405,22,32,NULL,NULL,10,1,'2019-09-28');
INSERT INTO "schedule" VALUES (406,1,11,NULL,NULL,10,1,'2019-09-28');
INSERT INTO "schedule" VALUES (407,7,24,NULL,NULL,11,1,'2019-10-05');
INSERT INTO "schedule" VALUES (408,8,26,NULL,NULL,11,1,'2019-10-05');
INSERT INTO "schedule" VALUES (409,30,9,NULL,NULL,11,1,'2019-10-05');
INSERT INTO "schedule" VALUES (410,37,25,NULL,NULL,11,1,'2019-10-05');
INSERT INTO "schedule" VALUES (411,23,31,NULL,NULL,11,1,'2019-10-05');
INSERT INTO "schedule" VALUES (412,1,38,NULL,NULL,11,1,'2019-10-05');
INSERT INTO "schedule" VALUES (413,2,22,NULL,NULL,11,1,'2019-10-05');
INSERT INTO "schedule" VALUES (414,35,10,NULL,NULL,11,1,'2019-10-05');
INSERT INTO "schedule" VALUES (415,11,21,NULL,NULL,11,1,'2019-10-05');
INSERT INTO "schedule" VALUES (416,13,32,NULL,NULL,11,1,'2019-10-05');
INSERT INTO "schedule" VALUES (417,26,35,NULL,NULL,12,1,'2019-10-19');
INSERT INTO "schedule" VALUES (418,10,11,NULL,NULL,12,1,'2019-10-19');
INSERT INTO "schedule" VALUES (419,9,37,NULL,NULL,12,1,'2019-10-19');
INSERT INTO "schedule" VALUES (420,32,30,NULL,NULL,12,1,'2019-10-19');
INSERT INTO "schedule" VALUES (421,31,13,NULL,NULL,12,1,'2019-10-19');
INSERT INTO "schedule" VALUES (422,25,7,NULL,NULL,12,1,'2019-10-19');
INSERT INTO "schedule" VALUES (423,21,1,NULL,NULL,12,1,'2019-10-19');
INSERT INTO "schedule" VALUES (424,38,2,NULL,NULL,12,1,'2019-10-19');
INSERT INTO "schedule" VALUES (425,24,8,NULL,NULL,12,1,'2019-10-19');
INSERT INTO "schedule" VALUES (426,22,23,NULL,NULL,12,1,'2019-10-19');
INSERT INTO "schedule" VALUES (427,37,32,NULL,NULL,13,1,'2019-10-26');
INSERT INTO "schedule" VALUES (428,1,31,NULL,NULL,13,1,'2019-10-26');
INSERT INTO "schedule" VALUES (429,11,22,NULL,NULL,13,1,'2019-10-26');
INSERT INTO "schedule" VALUES (430,8,21,NULL,NULL,13,1,'2019-10-26');
INSERT INTO "schedule" VALUES (431,7,38,NULL,NULL,13,1,'2019-10-26');
INSERT INTO "schedule" VALUES (432,35,9,NULL,NULL,13,1,'2019-10-26');
INSERT INTO "schedule" VALUES (433,13,26,NULL,NULL,13,1,'2019-10-26');
INSERT INTO "schedule" VALUES (434,23,10,NULL,NULL,13,1,'2019-10-26');
INSERT INTO "schedule" VALUES (435,30,24,NULL,NULL,13,1,'2019-10-26');
INSERT INTO "schedule" VALUES (436,2,25,NULL,NULL,13,1,'2019-10-26');
INSERT INTO "schedule" VALUES (437,25,23,NULL,NULL,14,1,'2019-11-02');
INSERT INTO "schedule" VALUES (438,32,7,NULL,NULL,14,1,'2019-11-02');
INSERT INTO "schedule" VALUES (439,9,11,NULL,NULL,14,1,'2019-11-02');
INSERT INTO "schedule" VALUES (440,22,8,NULL,NULL,14,1,'2019-11-02');
INSERT INTO "schedule" VALUES (441,10,37,NULL,NULL,14,1,'2019-11-02');
INSERT INTO "schedule" VALUES (442,31,35,NULL,NULL,14,1,'2019-11-02');
INSERT INTO "schedule" VALUES (443,38,30,NULL,NULL,14,1,'2019-11-02');
INSERT INTO "schedule" VALUES (444,26,1,NULL,NULL,14,1,'2019-11-02');
INSERT INTO "schedule" VALUES (445,24,2,NULL,NULL,14,1,'2019-11-02');
INSERT INTO "schedule" VALUES (446,21,13,NULL,NULL,14,1,'2019-11-02');
INSERT INTO "schedule" VALUES (447,11,7,NULL,NULL,15,1,'2019-11-09');
INSERT INTO "schedule" VALUES (448,9,23,NULL,NULL,15,1,'2019-11-09');
INSERT INTO "schedule" VALUES (449,24,32,NULL,NULL,15,1,'2019-11-09');
INSERT INTO "schedule" VALUES (450,31,26,NULL,NULL,15,1,'2019-11-09');
INSERT INTO "schedule" VALUES (451,10,2,NULL,NULL,15,1,'2019-11-09');
INSERT INTO "schedule" VALUES (452,38,37,NULL,NULL,15,1,'2019-11-09');
INSERT INTO "schedule" VALUES (453,21,35,NULL,NULL,15,1,'2019-11-09');
INSERT INTO "schedule" VALUES (454,22,13,NULL,NULL,15,1,'2019-11-09');
INSERT INTO "schedule" VALUES (455,30,25,NULL,NULL,15,1,'2019-11-09');
INSERT INTO "schedule" VALUES (456,1,8,NULL,NULL,15,1,'2019-11-09');
INSERT INTO "schedule" VALUES (457,13,10,NULL,NULL,16,1,'2019-11-23');
INSERT INTO "schedule" VALUES (458,35,11,NULL,NULL,16,1,'2019-11-23');
INSERT INTO "schedule" VALUES (459,32,9,NULL,NULL,16,1,'2019-11-23');
INSERT INTO "schedule" VALUES (460,7,22,NULL,NULL,16,1,'2019-11-23');
INSERT INTO "schedule" VALUES (461,23,24,NULL,NULL,16,1,'2019-11-23');
INSERT INTO "schedule" VALUES (462,25,31,NULL,NULL,16,1,'2019-11-23');
INSERT INTO "schedule" VALUES (463,26,30,NULL,NULL,16,1,'2019-11-23');
INSERT INTO "schedule" VALUES (464,2,21,NULL,NULL,16,1,'2019-11-23');
INSERT INTO "schedule" VALUES (465,8,38,NULL,NULL,16,1,'2019-11-23');
INSERT INTO "schedule" VALUES (466,37,1,NULL,NULL,16,1,'2019-11-23');
INSERT INTO "schedule" VALUES (467,22,35,NULL,NULL,17,1,'2019-11-30');
INSERT INTO "schedule" VALUES (468,9,25,NULL,NULL,17,1,'2019-11-30');
INSERT INTO "schedule" VALUES (469,10,7,NULL,NULL,17,1,'2019-11-30');
INSERT INTO "schedule" VALUES (470,21,26,NULL,NULL,17,1,'2019-11-30');
INSERT INTO "schedule" VALUES (471,30,2,NULL,NULL,17,1,'2019-11-30');
INSERT INTO "schedule" VALUES (472,31,37,NULL,NULL,17,1,'2019-11-30');
INSERT INTO "schedule" VALUES (473,24,13,NULL,NULL,17,1,'2019-11-30');
INSERT INTO "schedule" VALUES (474,38,32,NULL,NULL,17,1,'2019-11-30');
INSERT INTO "schedule" VALUES (475,1,23,NULL,NULL,17,1,'2019-11-30');
INSERT INTO "schedule" VALUES (476,11,8,NULL,NULL,17,1,'2019-11-30');
INSERT INTO "schedule" VALUES (477,13,1,NULL,NULL,18,1,'2019-12-07');
INSERT INTO "schedule" VALUES (478,7,9,NULL,NULL,18,1,'2019-12-07');
INSERT INTO "schedule" VALUES (479,2,31,NULL,NULL,18,1,'2019-12-07');
INSERT INTO "schedule" VALUES (480,8,30,NULL,NULL,18,1,'2019-12-07');
INSERT INTO "schedule" VALUES (481,25,11,NULL,NULL,18,1,'2019-12-07');
INSERT INTO "schedule" VALUES (482,26,38,NULL,NULL,18,1,'2019-12-07');
INSERT INTO "schedule" VALUES (483,23,21,NULL,NULL,18,1,'2019-12-07');
INSERT INTO "schedule" VALUES (484,35,24,NULL,NULL,18,1,'2019-12-07');
INSERT INTO "schedule" VALUES (485,32,10,NULL,NULL,18,1,'2019-12-07');
INSERT INTO "schedule" VALUES (486,37,22,NULL,NULL,18,1,'2019-12-07');
INSERT INTO "schedule" VALUES (487,32,8,NULL,NULL,19,1,'2019-12-14');
INSERT INTO "schedule" VALUES (488,7,1,NULL,NULL,19,1,'2019-12-14');
INSERT INTO "schedule" VALUES (489,2,26,NULL,NULL,19,1,'2019-12-14');
INSERT INTO "schedule" VALUES (490,10,31,NULL,NULL,19,1,'2019-12-14');
INSERT INTO "schedule" VALUES (491,11,37,NULL,NULL,19,1,'2019-12-14');
INSERT INTO "schedule" VALUES (492,13,9,NULL,NULL,19,1,'2019-12-14');
INSERT INTO "schedule" VALUES (493,30,35,NULL,NULL,19,1,'2019-12-14');
INSERT INTO "schedule" VALUES (494,24,25,NULL,NULL,19,1,'2019-12-14');
INSERT INTO "schedule" VALUES (495,21,22,NULL,NULL,19,1,'2019-12-14');
INSERT INTO "schedule" VALUES (496,38,23,NULL,NULL,19,1,'2019-12-14');
INSERT INTO "schedule" VALUES (497,8,7,NULL,NULL,20,1,'2019-12-17');
INSERT INTO "schedule" VALUES (498,25,13,NULL,NULL,20,1,'2019-12-17');
INSERT INTO "schedule" VALUES (499,31,11,NULL,NULL,20,1,'2019-12-17');
INSERT INTO "schedule" VALUES (500,35,2,NULL,NULL,20,1,'2019-12-17');
INSERT INTO "schedule" VALUES (501,26,32,NULL,NULL,20,1,'2019-12-17');
INSERT INTO "schedule" VALUES (502,37,21,NULL,NULL,20,1,'2019-12-17');
INSERT INTO "schedule" VALUES (503,9,24,NULL,NULL,20,1,'2019-12-17');
INSERT INTO "schedule" VALUES (504,1,10,NULL,NULL,20,1,'2019-12-17');
INSERT INTO "schedule" VALUES (505,22,38,NULL,NULL,20,1,'2019-12-17');
INSERT INTO "schedule" VALUES (506,23,30,NULL,NULL,20,1,'2019-12-17');
INSERT INTO "schedule" VALUES (507,8,10,NULL,NULL,21,1,'2019-12-21');
INSERT INTO "schedule" VALUES (508,9,2,NULL,NULL,21,1,'2019-12-21');
INSERT INTO "schedule" VALUES (509,25,21,NULL,NULL,21,1,'2019-12-21');
INSERT INTO "schedule" VALUES (510,31,32,NULL,NULL,21,1,'2019-12-21');
INSERT INTO "schedule" VALUES (511,35,38,NULL,NULL,21,1,'2019-12-21');
INSERT INTO "schedule" VALUES (512,23,13,NULL,NULL,21,1,'2019-12-21');
INSERT INTO "schedule" VALUES (513,26,11,NULL,NULL,21,1,'2019-12-21');
INSERT INTO "schedule" VALUES (514,37,7,NULL,NULL,21,1,'2019-12-21');
INSERT INTO "schedule" VALUES (515,1,24,NULL,NULL,21,1,'2019-12-21');
INSERT INTO "schedule" VALUES (516,22,30,NULL,NULL,21,1,'2019-12-21');
INSERT INTO "schedule" VALUES (517,30,37,NULL,NULL,22,1,'2020-01-18');
INSERT INTO "schedule" VALUES (518,11,1,NULL,NULL,22,1,'2020-01-18');
INSERT INTO "schedule" VALUES (519,10,9,NULL,NULL,22,1,'2020-01-18');
INSERT INTO "schedule" VALUES (520,13,8,NULL,NULL,22,1,'2020-01-18');
INSERT INTO "schedule" VALUES (521,21,31,NULL,NULL,22,1,'2020-01-18');
INSERT INTO "schedule" VALUES (522,24,26,NULL,NULL,22,1,'2020-01-18');
INSERT INTO "schedule" VALUES (523,38,25,NULL,NULL,22,1,'2020-01-18');
INSERT INTO "schedule" VALUES (524,32,22,NULL,NULL,22,1,'2020-01-18');
INSERT INTO "schedule" VALUES (525,7,35,NULL,NULL,22,1,'2020-01-18');
INSERT INTO "schedule" VALUES (526,2,23,NULL,NULL,22,1,'2020-01-18');
INSERT INTO "schedule" VALUES (527,35,32,NULL,NULL,23,1,'2020-01-25');
INSERT INTO "schedule" VALUES (528,1,30,NULL,NULL,23,1,'2020-01-25');
INSERT INTO "schedule" VALUES (529,8,2,NULL,NULL,23,1,'2020-01-25');
INSERT INTO "schedule" VALUES (530,23,11,NULL,NULL,23,1,'2020-01-25');
INSERT INTO "schedule" VALUES (531,26,7,NULL,NULL,23,1,'2020-01-25');
INSERT INTO "schedule" VALUES (532,31,38,NULL,NULL,23,1,'2020-01-25');
INSERT INTO "schedule" VALUES (533,37,13,NULL,NULL,23,1,'2020-01-25');
INSERT INTO "schedule" VALUES (534,25,10,NULL,NULL,23,1,'2020-01-25');
INSERT INTO "schedule" VALUES (535,9,21,NULL,NULL,23,1,'2020-01-25');
INSERT INTO "schedule" VALUES (536,22,24,NULL,NULL,23,1,'2020-01-25');
INSERT INTO "schedule" VALUES (537,7,8,NULL,NULL,24,1,'2020-02-01');
INSERT INTO "schedule" VALUES (538,2,35,NULL,NULL,24,1,'2020-02-01');
INSERT INTO "schedule" VALUES (539,11,31,NULL,NULL,24,1,'2020-02-01');
INSERT INTO "schedule" VALUES (540,13,25,NULL,NULL,24,1,'2020-02-01');
INSERT INTO "schedule" VALUES (541,30,23,NULL,NULL,24,1,'2020-02-01');
INSERT INTO "schedule" VALUES (542,10,1,NULL,NULL,24,1,'2020-02-01');
INSERT INTO "schedule" VALUES (543,21,37,NULL,NULL,24,1,'2020-02-01');
INSERT INTO "schedule" VALUES (544,32,26,NULL,NULL,24,1,'2020-02-01');
INSERT INTO "schedule" VALUES (545,24,9,NULL,NULL,24,1,'2020-02-01');
INSERT INTO "schedule" VALUES (546,38,22,NULL,NULL,24,1,'2020-02-01');
INSERT INTO "schedule" VALUES (547,21,10,NULL,NULL,25,1,'2020-02-08');
INSERT INTO "schedule" VALUES (548,7,2,NULL,NULL,25,1,'2020-02-08');
INSERT INTO "schedule" VALUES (549,11,30,NULL,NULL,25,1,'2020-02-08');
INSERT INTO "schedule" VALUES (550,22,31,NULL,NULL,25,1,'2020-02-08');
INSERT INTO "schedule" VALUES (551,25,26,NULL,NULL,25,1,'2020-02-08');
INSERT INTO "schedule" VALUES (552,35,13,NULL,NULL,25,1,'2020-02-08');
INSERT INTO "schedule" VALUES (553,37,8,NULL,NULL,25,1,'2020-02-08');
INSERT INTO "schedule" VALUES (554,24,38,NULL,NULL,25,1,'2020-02-08');
INSERT INTO "schedule" VALUES (555,9,1,NULL,NULL,25,1,'2020-02-08');
INSERT INTO "schedule" VALUES (556,32,23,NULL,NULL,25,1,'2020-02-08');
INSERT INTO "schedule" VALUES (557,13,11,NULL,NULL,26,1,'2020-02-15');
INSERT INTO "schedule" VALUES (558,8,35,NULL,NULL,26,1,'2020-02-15');
INSERT INTO "schedule" VALUES (559,30,7,NULL,NULL,26,1,'2020-02-15');
INSERT INTO "schedule" VALUES (560,38,21,NULL,NULL,26,1,'2020-02-15');
INSERT INTO "schedule" VALUES (561,31,9,NULL,NULL,26,1,'2020-02-15');
INSERT INTO "schedule" VALUES (562,26,22,NULL,NULL,26,1,'2020-02-15');
INSERT INTO "schedule" VALUES (563,2,32,NULL,NULL,26,1,'2020-02-15');
INSERT INTO "schedule" VALUES (564,1,25,NULL,NULL,26,1,'2020-02-15');
INSERT INTO "schedule" VALUES (565,10,24,NULL,NULL,26,1,'2020-02-15');
INSERT INTO "schedule" VALUES (566,23,37,NULL,NULL,26,1,'2020-02-15');
INSERT INTO "schedule" VALUES (567,10,32,NULL,NULL,27,1,'2020-02-22');
INSERT INTO "schedule" VALUES (568,9,7,NULL,NULL,27,1,'2020-02-22');
INSERT INTO "schedule" VALUES (569,11,25,NULL,NULL,27,1,'2020-02-22');
INSERT INTO "schedule" VALUES (570,30,8,NULL,NULL,27,1,'2020-02-22');
INSERT INTO "schedule" VALUES (571,31,2,NULL,NULL,27,1,'2020-02-22');
INSERT INTO "schedule" VALUES (572,21,23,NULL,NULL,27,1,'2020-02-22');
INSERT INTO "schedule" VALUES (573,24,35,NULL,NULL,27,1,'2020-02-22');
INSERT INTO "schedule" VALUES (574,38,26,NULL,NULL,27,1,'2020-02-22');
INSERT INTO "schedule" VALUES (575,1,13,NULL,NULL,27,1,'2020-02-22');
INSERT INTO "schedule" VALUES (576,22,37,NULL,NULL,27,1,'2020-02-22');
INSERT INTO "schedule" VALUES (577,26,21,NULL,NULL,28,1,'2020-02-29');
INSERT INTO "schedule" VALUES (578,8,11,NULL,NULL,28,1,'2020-02-29');
INSERT INTO "schedule" VALUES (579,7,10,NULL,NULL,28,1,'2020-02-29');
INSERT INTO "schedule" VALUES (580,25,9,NULL,NULL,28,1,'2020-02-29');
INSERT INTO "schedule" VALUES (581,37,31,NULL,NULL,28,1,'2020-02-29');
INSERT INTO "schedule" VALUES (582,35,22,NULL,NULL,28,1,'2020-02-29');
INSERT INTO "schedule" VALUES (583,13,24,NULL,NULL,28,1,'2020-02-29');
INSERT INTO "schedule" VALUES (584,32,38,NULL,NULL,28,1,'2020-02-29');
INSERT INTO "schedule" VALUES (585,22,7,NULL,NULL,29,1,'2020-03-07');
INSERT INTO "schedule" VALUES (586,1,37,NULL,NULL,29,1,'2020-03-07');
INSERT INTO "schedule" VALUES (587,11,35,NULL,NULL,29,1,'2020-03-07');
INSERT INTO "schedule" VALUES (588,30,26,NULL,NULL,29,1,'2020-03-07');
INSERT INTO "schedule" VALUES (589,31,25,NULL,NULL,29,1,'2020-03-07');
INSERT INTO "schedule" VALUES (590,38,8,NULL,NULL,29,1,'2020-03-07');
INSERT INTO "schedule" VALUES (591,9,32,NULL,NULL,29,1,'2020-03-07');
INSERT INTO "schedule" VALUES (592,10,13,NULL,NULL,29,1,'2020-03-07');
INSERT INTO "schedule" VALUES (593,24,23,NULL,NULL,29,1,'2020-03-07');
INSERT INTO "schedule" VALUES (594,21,2,NULL,NULL,29,1,'2020-03-07');
INSERT INTO "schedule" VALUES (595,26,31,NULL,NULL,30,1,'2020-05-16');
INSERT INTO "schedule" VALUES (596,32,24,NULL,NULL,30,1,'2020-05-16');
INSERT INTO "schedule" VALUES (597,35,21,NULL,NULL,30,1,'2020-05-16');
INSERT INTO "schedule" VALUES (598,8,1,NULL,NULL,30,1,'2020-05-16');
INSERT INTO "schedule" VALUES (599,37,38,NULL,NULL,30,1,'2020-05-16');
INSERT INTO "schedule" VALUES (600,7,11,NULL,NULL,30,1,'2020-05-16');
INSERT INTO "schedule" VALUES (601,25,30,NULL,NULL,30,1,'2020-05-16');
INSERT INTO "schedule" VALUES (602,2,10,NULL,NULL,30,1,'2020-05-16');
INSERT INTO "schedule" VALUES (603,13,22,NULL,NULL,30,1,'2020-05-16');
INSERT INTO "schedule" VALUES (604,23,9,NULL,NULL,30,1,'2020-05-16');
INSERT INTO "schedule" VALUES (605,21,8,NULL,NULL,31,1,'2020-05-23');
INSERT INTO "schedule" VALUES (606,32,37,NULL,NULL,31,1,'2020-05-23');
INSERT INTO "schedule" VALUES (607,25,2,NULL,NULL,31,1,'2020-05-23');
INSERT INTO "schedule" VALUES (608,26,13,NULL,NULL,31,1,'2020-05-23');
INSERT INTO "schedule" VALUES (609,24,30,NULL,NULL,31,1,'2020-05-23');
INSERT INTO "schedule" VALUES (610,38,7,NULL,NULL,31,1,'2020-05-23');
INSERT INTO "schedule" VALUES (611,22,11,NULL,NULL,31,1,'2020-05-23');
INSERT INTO "schedule" VALUES (612,9,35,NULL,NULL,31,1,'2020-05-23');
INSERT INTO "schedule" VALUES (613,31,1,NULL,NULL,31,1,'2020-05-23');
INSERT INTO "schedule" VALUES (614,10,23,NULL,NULL,31,1,'2020-05-23');
INSERT INTO "schedule" VALUES (615,2,38,NULL,NULL,32,1,'2020-05-26');
INSERT INTO "schedule" VALUES (616,35,31,NULL,NULL,32,1,'2020-05-26');
INSERT INTO "schedule" VALUES (617,11,9,NULL,NULL,32,1,'2020-05-26');
INSERT INTO "schedule" VALUES (618,8,24,NULL,NULL,32,1,'2020-05-26');
INSERT INTO "schedule" VALUES (619,1,26,NULL,NULL,32,1,'2020-05-26');
INSERT INTO "schedule" VALUES (620,13,21,NULL,NULL,32,1,'2020-05-26');
INSERT INTO "schedule" VALUES (621,7,25,NULL,NULL,32,1,'2020-05-26');
INSERT INTO "schedule" VALUES (622,37,10,NULL,NULL,32,1,'2020-05-26');
INSERT INTO "schedule" VALUES (623,30,32,NULL,NULL,32,1,'2020-05-26');
INSERT INTO "schedule" VALUES (624,23,22,NULL,NULL,32,1,'2020-05-26');
INSERT INTO "schedule" VALUES (625,26,8,NULL,NULL,33,1,'2020-05-30');
INSERT INTO "schedule" VALUES (626,21,11,NULL,NULL,33,1,'2020-05-30');
INSERT INTO "schedule" VALUES (627,24,7,NULL,NULL,33,1,'2020-05-30');
INSERT INTO "schedule" VALUES (628,38,1,NULL,NULL,33,1,'2020-05-30');
INSERT INTO "schedule" VALUES (629,10,35,NULL,NULL,33,1,'2020-05-30');
INSERT INTO "schedule" VALUES (630,9,30,NULL,NULL,33,1,'2020-05-30');
INSERT INTO "schedule" VALUES (631,25,37,NULL,NULL,33,1,'2020-05-30');
INSERT INTO "schedule" VALUES (632,22,2,NULL,NULL,33,1,'2020-05-30');
INSERT INTO "schedule" VALUES (633,31,23,NULL,NULL,33,1,'2020-05-30');
INSERT INTO "schedule" VALUES (634,32,13,NULL,NULL,33,1,'2020-05-30');
INSERT INTO "schedule" VALUES (635,35,26,NULL,NULL,34,1,'2020-06-06');
INSERT INTO "schedule" VALUES (636,11,10,NULL,NULL,34,1,'2020-06-06');
INSERT INTO "schedule" VALUES (637,1,21,NULL,NULL,34,1,'2020-06-06');
INSERT INTO "schedule" VALUES (638,23,25,NULL,NULL,34,1,'2020-06-06');
INSERT INTO "schedule" VALUES (639,30,38,NULL,NULL,34,1,'2020-06-06');
INSERT INTO "schedule" VALUES (640,37,9,NULL,NULL,34,1,'2020-06-06');
INSERT INTO "schedule" VALUES (641,8,22,NULL,NULL,34,1,'2020-06-06');
INSERT INTO "schedule" VALUES (642,7,32,NULL,NULL,34,1,'2020-06-06');
INSERT INTO "schedule" VALUES (643,13,31,NULL,NULL,34,1,'2020-06-06');
INSERT INTO "schedule" VALUES (644,2,24,NULL,NULL,34,1,'2020-06-06');
INSERT INTO "schedule" VALUES (645,35,25,NULL,NULL,35,1,'2020-06-13');
INSERT INTO "schedule" VALUES (646,26,37,NULL,NULL,35,1,'2020-06-13');
INSERT INTO "schedule" VALUES (647,22,9,NULL,NULL,35,1,'2020-06-13');
INSERT INTO "schedule" VALUES (648,30,10,NULL,NULL,35,1,'2020-06-13');
INSERT INTO "schedule" VALUES (649,8,23,NULL,NULL,35,1,'2020-06-13');
INSERT INTO "schedule" VALUES (650,38,13,NULL,NULL,35,1,'2020-06-13');
INSERT INTO "schedule" VALUES (651,2,11,NULL,NULL,35,1,'2020-06-13');
INSERT INTO "schedule" VALUES (652,32,1,NULL,NULL,35,1,'2020-06-13');
INSERT INTO "schedule" VALUES (653,7,21,NULL,NULL,35,1,'2020-06-13');
INSERT INTO "schedule" VALUES (654,24,31,NULL,NULL,35,1,'2020-06-13');
INSERT INTO "schedule" VALUES (655,10,26,NULL,NULL,36,1,'2020-06-16');
INSERT INTO "schedule" VALUES (656,23,7,NULL,NULL,36,1,'2020-06-16');
INSERT INTO "schedule" VALUES (657,25,32,NULL,NULL,36,1,'2020-06-16');
INSERT INTO "schedule" VALUES (658,9,38,NULL,NULL,36,1,'2020-06-16');
INSERT INTO "schedule" VALUES (659,1,22,NULL,NULL,36,1,'2020-06-16');
INSERT INTO "schedule" VALUES (660,13,2,NULL,NULL,36,1,'2020-06-16');
INSERT INTO "schedule" VALUES (661,21,30,NULL,NULL,36,1,'2020-06-16');
INSERT INTO "schedule" VALUES (662,11,24,NULL,NULL,36,1,'2020-06-16');
INSERT INTO "schedule" VALUES (663,31,8,NULL,NULL,36,1,'2020-06-16');
INSERT INTO "schedule" VALUES (664,37,35,NULL,NULL,36,1,'2020-06-16');
INSERT INTO "schedule" VALUES (665,26,9,NULL,NULL,37,1,'2020-06-20');
INSERT INTO "schedule" VALUES (666,7,31,NULL,NULL,37,1,'2020-06-20');
INSERT INTO "schedule" VALUES (667,32,21,NULL,NULL,37,1,'2020-06-20');
INSERT INTO "schedule" VALUES (668,30,13,NULL,NULL,37,1,'2020-06-20');
INSERT INTO "schedule" VALUES (669,8,25,NULL,NULL,37,1,'2020-06-20');
INSERT INTO "schedule" VALUES (670,38,11,NULL,NULL,37,1,'2020-06-20');
INSERT INTO "schedule" VALUES (671,35,23,NULL,NULL,37,1,'2020-06-20');
INSERT INTO "schedule" VALUES (672,2,1,NULL,NULL,37,1,'2020-06-20');
INSERT INTO "schedule" VALUES (673,24,37,NULL,NULL,37,1,'2020-06-20');
INSERT INTO "schedule" VALUES (674,22,10,NULL,NULL,37,1,'2020-06-20');
INSERT INTO "schedule" VALUES (675,21,24,NULL,NULL,38,1,'2020-06-27');
INSERT INTO "schedule" VALUES (676,23,26,NULL,NULL,38,1,'2020-06-27');
INSERT INTO "schedule" VALUES (677,13,7,NULL,NULL,38,1,'2020-06-27');
INSERT INTO "schedule" VALUES (678,25,22,NULL,NULL,38,1,'2020-06-27');
INSERT INTO "schedule" VALUES (679,31,30,NULL,NULL,38,1,'2020-06-27');
INSERT INTO "schedule" VALUES (680,37,2,NULL,NULL,38,1,'2020-06-27');
INSERT INTO "schedule" VALUES (681,10,38,NULL,NULL,38,1,'2020-06-27');
INSERT INTO "schedule" VALUES (682,11,32,NULL,NULL,38,1,'2020-06-27');
INSERT INTO "schedule" VALUES (683,1,35,NULL,NULL,38,1,'2020-06-27');
INSERT INTO "schedule" VALUES (684,9,8,NULL,NULL,38,1,'2020-06-27');
INSERT INTO "schedule" VALUES (685,2,30,NULL,NULL,28,1,'2020-02-29');
INSERT INTO "schedule" VALUES (686,23,1,NULL,NULL,28,1,'2020-02-29');
COMMIT;
